Left Image Index,Right Image Index,Left Label,Right Label,Two - Digit Label
0,959,7,4,74
1,703,2,7,27
2,7726,1,4,14
3,558,0,9,09
4,4814,4,6,46
5,6279,1,2,12
6,3943,4,3,43
7,9699,9,1,91
8,9007,5,3,53
9,5254,9,1,91
10,9115,0,3,03
11,4328,6,1,61
12,4344,9,9,99
13,6317,0,8,08
14,9846,1,1,11
15,6875,5,3,53
16,3899,9,2,92
17,3820,7,9,79
18,731,3,2,32
19,7193,4,3,43
20,2629,9,3,93
21,583,6,2,62
22,7781,6,2,62
23,7311,5,3,53
24,4103,4,2,42
25,1319,0,8,08
26,9129,7,2,72
27,665,4,6,46
28,4928,0,3,03
29,7420,1,2,12
30,5066,3,6,36
31,7272,1,3,13
32,757,3,4,34
33,7853,4,8,48
34,3581,7,0,70
35,9912,2,1,21
36,8728,7,8,78
37,8348,1,5,15
38,7230,2,7,27
39,3593,1,1,11
40,4929,1,4,14
41,5280,7,0,70
42,6546,4,0,40
43,969,2,4,24
44,5303,3,6,36
45,1170,5,8,58
46,2090,1,4,14
47,7579,2,9,29
48,5709,4,7,47
49,4281,4,0,40
50,3650,6,0,60
51,7099,3,8,38
52,9005,5,1,51
53,2430,5,8,58
54,5355,6,4,64
55,7576,0,6,06
56,1674,4,1,41
57,6402,1,6,16
58,386,9,6,96
59,7714,5,3,53
60,8485,7,3,73
61,1562,8,8,88
62,7744,9,7,97
63,4462,3,0,30
64,5596,7,3,73
65,4564,4,1,41
66,8848,6,6,66
67,5266,4,2,42
68,8665,3,5,35
69,4925,0,3,03
70,9542,7,0,70
71,8955,0,9,09
72,7147,2,2,22
73,491,9,5,95
74,2964,1,9,19
75,7938,7,5,75
76,9948,3,0,30
77,6468,2,1,21
78,6517,9,3,93
79,4536,7,6,76
80,4398,7,8,78
81,163,6,4,64
82,2863,2,9,29
83,241,7,9,79
84,1290,8,3,83
85,3916,4,3,43
86,3030,7,6,76
87,1892,3,0,30
88,2947,6,6,66
89,5675,1,8,18
90,8403,3,7,37
91,4629,6,8,68
92,8123,9,6,96
93,9410,3,8,38
94,5934,1,2,12
95,4667,4,8,48
96,64,1,7,17
97,261,7,5,75
98,2641,6,0,60
99,6977,9,5,95
100,20,6,9,69
101,2709,0,4,04
102,8127,5,0,50
103,9646,4,4,44
104,7524,9,8,98
105,3174,9,4,94
106,2497,2,9,29
107,3103,1,7,17
108,3399,9,7,97
109,3019,4,1,41
110,7077,8,5,85
111,9599,7,1,71
112,3499,3,8,38
113,9877,9,5,95
114,8565,7,7,77
115,7718,4,8,48
116,4004,4,3,43
117,9254,4,9,49
118,9138,9,6,96
119,9198,2,9,29
120,1078,5,4,54
121,6874,4,7,47
122,5929,7,0,70
123,8614,6,0,60
124,2103,7,5,75
125,5640,9,7,97
126,3420,0,1,01
127,8093,5,9,59
128,2443,8,9,89
129,8986,5,1,51
130,6508,6,9,69
131,2403,6,0,60
132,673,5,9,59
133,7166,7,6,76
134,9696,8,2,82
135,7522,1,6,16
136,4920,0,2,02
137,6407,1,1,11
138,6919,6,9,69
139,1563,4,7,47
140,1567,6,8,68
141,8970,7,3,73
142,4337,3,1,31
143,9725,1,1,11
144,1648,7,9,79
145,6525,1,5,15
146,3012,8,8,88
147,5899,2,0,20
148,4540,0,7,07
149,8090,2,1,21
150,8899,9,9,99
151,6844,9,2,92
152,9532,5,6,56
153,8866,5,8,58
154,9638,1,9,19
155,5401,5,6,56
156,6124,6,9,69
157,5464,0,4,04
158,1182,3,6,36
159,5905,4,8,48
160,4033,4,0,40
161,7596,6,6,66
162,4130,5,7,57
163,1187,4,2,42
164,2386,6,4,64
165,4069,5,1,51
166,4443,4,3,43
167,3957,5,5,55
168,7332,1,4,14
169,1295,4,1,41
170,7055,4,3,43
171,8816,7,8,78
172,2601,2,6,26
173,4607,3,6,36
174,8880,2,2,22
175,1632,7,6,76
176,3482,1,2,12
177,5625,8,3,83
178,5658,1,5,15
179,643,8,2,82
180,8716,1,3,13
181,1287,8,8,88
182,4821,5,7,57
183,2376,0,0,00
184,397,8,5,85
185,5168,9,3,93
186,8400,2,4,24
187,7174,5,9,59
188,7063,0,1,01
189,4282,1,0,10
190,4998,1,4,14
191,403,1,8,18
192,2131,0,6,06
193,1640,9,9,99
194,9974,0,4,04
195,7237,3,2,32
196,6259,1,0,10
197,3614,6,6,66
198,4131,4,5,45
199,9695,2,8,28
200,4094,3,5,35
201,7776,6,8,68
202,2238,1,7,17
203,7185,1,3,13
204,6852,1,7,17
205,7302,3,8,38
206,9099,9,4,94
207,1269,5,2,52
208,6465,2,3,23
209,3651,9,1,91
210,4760,4,7,47
211,578,5,3,53
212,4134,9,9,99
213,4247,3,2,32
214,4196,9,5,95
215,3601,0,1,01
216,2613,3,4,34
217,1980,6,4,64
218,3538,5,9,59
219,6703,5,2,52
220,1052,7,8,78
221,8407,2,3,23
222,50,2,6,26
223,552,7,0,70
224,9169,1,7,17
225,2419,2,8,28
226,2708,8,4,84
227,4573,4,2,42
228,2012,1,4,14
229,4543,7,8,78
230,4669,3,7,37
231,3750,3,5,35
232,8484,8,4,84
233,3339,8,2,82
234,4800,7,7,77
235,2752,9,2,92
236,4334,2,3,23
237,8590,2,9,29
238,7493,4,7,47
239,3924,1,9,19
240,6616,5,2,52
241,1487,9,0,90
242,277,8,8,88
243,5085,7,6,76
244,863,2,2,22
245,3262,3,7,37
246,4440,0,5,05
247,6274,4,2,42
248,6177,4,3,43
249,6148,2,5,25
250,9191,4,2,42
251,6773,1,2,12
252,4648,9,9,99
253,9921,5,6,56
254,8654,7,7,77
255,9200,7,1,71
256,8355,2,4,24
257,7096,8,4,84
258,8999,2,0,20
259,9670,6,3,63
260,6893,8,6,86
261,5766,5,3,53
262,6995,7,4,74
263,84,7,8,78
264,446,9,6,96
265,8265,1,7,17
266,1539,8,3,83
267,6387,1,6,16
268,2212,8,9,89
269,7252,0,3,03
270,9853,3,5,35
271,8610,0,4,04
272,7195,1,5,15
273,4118,9,5,95
274,8648,9,2,92
275,5885,4,5,45
276,2526,1,5,15
277,9689,8,1,81
278,411,2,7,27
279,8140,1,3,13
280,3104,2,3,23
281,8199,9,0,90
282,4767,7,7,77
283,6591,5,6,56
284,1801,9,9,99
285,6427,2,4,24
286,6258,6,6,66
287,4528,4,3,43
288,1647,1,9,19
289,5165,5,0,50
290,2359,8,1,81
291,4888,2,5,25
292,3723,9,9,99
293,3718,2,4,24
294,4634,0,8,08
295,3401,4,0,40
296,3749,0,6,06
297,4285,0,6,06
298,817,2,6,26
299,1069,8,3,83
300,4179,4,1,41
301,7316,7,4,74
302,388,1,1,11
303,3488,2,6,26
304,1663,4,8,48
305,5543,0,8,08
306,301,2,7,27
307,5042,7,9,79
308,9678,4,6,46
309,2626,3,1,31
310,2328,3,0,30
311,1312,0,8,08
312,9924,0,9,09
313,5895,3,2,32
314,244,1,2,12
315,8287,9,6,96
316,3181,6,6,66
317,5138,5,8,58
318,3478,2,9,29
319,5811,5,1,51
320,7075,9,3,93
321,8704,2,2,22
322,9002,9,1,91
323,7686,3,1,31
324,9219,0,3,03
325,7404,4,6,46
326,4200,2,7,27
327,1371,0,8,08
328,228,7,1,71
329,5038,1,3,13
330,944,1,3,13
331,7441,2,6,26
332,8206,1,3,13
333,6364,5,7,57
334,1433,3,8,38
335,2467,3,8,38
336,4827,9,4,94
337,2607,7,7,77
338,6632,8,9,89
339,3917,6,5,65
340,2483,5,6,56
341,7741,6,4,64
342,1820,1,1,11
343,1177,3,2,32
344,325,8,4,84
345,7807,1,9,19
346,8132,0,5,05
347,5769,5,5,55
348,2466,1,6,16
349,4895,3,8,38
350,7542,1,5,15
351,7924,5,7,57
352,3925,5,1,51
353,8274,6,9,69
354,8798,1,0,10
355,8422,8,9,89
356,8471,5,3,53
357,1574,1,2,12
358,2390,7,2,72
359,4156,9,2,92
360,4095,4,9,49
361,9533,6,5,65
362,8520,2,4,24
363,5867,2,5,25
364,9436,5,0,50
365,5992,0,7,07
366,1956,6,4,64
367,3451,5,7,57
368,1587,6,6,66
369,8503,3,9,39
370,5319,7,4,74
371,4519,2,4,24
372,435,0,8,08
373,4216,8,1,81
374,6742,8,4,84
375,7983,5,3,53
376,6452,4,7,47
377,5282,1,2,12
378,3788,1,5,15
379,7251,4,4,44
380,4752,0,9,09
381,9027,3,3,33
382,8909,3,5,35
383,1531,7,3,73
384,1023,6,4,64
385,6679,1,7,17
386,1255,6,9,69
387,7864,2,9,29
388,7641,1,9,19
389,191,9,1,91
390,9006,2,2,22
391,4801,8,2,82
392,3343,6,8,68
393,9631,1,0,10
394,3485,9,9,99
395,4109,5,3,53
396,4517,2,2,22
397,6770,5,0,50
398,6183,4,2,42
399,8756,4,8,48
400,6586,2,7,27
401,6173,8,9,89
402,3009,3,7,37
403,6930,8,3,83
404,3284,2,8,28
405,6130,4,6,46
406,3081,5,2,52
407,7475,0,5,05
408,5742,3,5,35
409,5782,1,4,14
410,4739,7,0,70
411,9325,7,0,70
412,4100,5,2,52
413,2859,7,8,78
414,1929,9,4,94
415,531,7,3,73
416,5026,1,9,19
417,8454,9,6,96
418,5055,2,4,24
419,2812,1,9,19
420,3065,4,8,48
421,8474,2,6,26
422,2514,9,4,94
423,1561,2,4,24
424,354,0,1,01
425,9623,4,2,42
426,6775,9,5,95
427,4872,1,1,11
428,1030,4,1,41
429,1627,8,9,89
430,8817,1,9,19
431,1813,8,8,88
432,9873,4,4,44
433,1771,5,2,52
434,118,9,9,99
435,6332,8,4,84
436,9426,8,6,86
437,466,3,8,38
438,30,7,3,73
439,2195,6,7,67
440,7433,0,8,08
441,9801,0,0,00
442,1506,3,2,32
443,8216,0,8,08
444,6872,2,4,24
445,7778,6,6,66
446,5701,6,8,68
447,821,4,0,40
448,5615,9,2,92
449,2477,3,9,39
450,5129,3,8,38
451,5114,3,7,37
452,2788,2,1,21
453,8517,3,6,36
454,5397,9,5,95
455,3757,1,8,18
456,9364,2,6,26
457,8569,6,2,62
458,9335,8,1,81
459,4271,0,5,05
460,2429,5,2,52
461,8676,6,5,65
462,2928,6,1,61
463,449,6,3,63
464,9391,3,5,35
465,4224,8,9,89
466,7650,8,7,87
467,9303,2,2,22
468,6107,7,3,73
469,4867,5,5,55
470,3311,8,5,85
471,6545,9,1,91
472,9381,6,4,64
473,2577,1,7,17
474,2771,8,4,84
475,5027,4,4,44
476,4225,1,7,17
477,8917,2,4,24
478,1103,5,9,59
479,7056,9,4,94
480,7833,1,4,14
481,2341,9,9,99
482,9182,7,3,73
483,9489,5,1,51
484,5080,4,9,49
485,9865,0,0,00
486,7086,8,0,80
487,4896,9,4,94
488,4382,9,4,94
489,255,1,7,17
490,7588,0,9,09
491,8656,5,5,55
492,6671,2,9,29
493,6131,3,0,30
494,4489,7,9,79
495,3767,8,7,87
496,7571,9,9,99
497,4389,4,8,48
498,1571,0,4,04
499,283,6,5,65
500,1763,3,3,33
501,3332,9,4,94
502,7597,5,8,58
503,2424,2,3,23
504,8633,1,1,11
505,1665,3,4,34
506,5235,1,6,16
507,5530,3,8,38
508,2121,6,8,68
509,1532,5,9,59
510,3118,7,6,76
511,5948,4,6,46
512,8973,2,2,22
513,8213,2,9,29
514,6098,6,7,67
515,9458,3,7,37
516,182,2,5,25
517,1946,6,8,68
518,6057,5,2,52
519,4198,4,9,49
520,2829,8,5,85
521,4025,9,1,91
522,1800,7,6,76
523,7109,1,8,18
524,5556,3,4,34
525,5039,0,4,04
526,1144,3,5,35
527,1149,8,8,88
528,7651,3,9,39
529,8014,1,3,13
530,2310,9,9,99
531,5710,3,8,38
532,7326,4,3,43
533,2058,4,2,42
534,5264,6,2,62
535,4727,4,3,43
536,1077,2,4,24
537,318,1,2,12
538,6299,8,3,83
539,4353,2,0,20
540,6495,5,8,58
541,8786,4,7,47
542,9113,8,7,87
543,367,8,5,85
544,8712,4,2,42
545,9922,0,4,04
546,8536,0,1,01
547,8110,2,7,27
548,5338,3,2,32
549,8302,2,7,27
550,1176,7,0,70
551,4757,7,0,70
552,2118,0,6,06
553,6802,8,4,84
554,6060,7,1,71
555,6622,4,1,41
556,3711,4,9,49
557,9591,7,1,71
558,6203,9,2,92
559,9708,6,4,64
560,5202,9,4,94
561,5181,0,3,03
562,5832,9,4,94
563,8458,8,0,80
564,4828,0,5,05
565,6340,4,2,42
566,4039,6,1,61
567,3611,0,2,02
568,5507,6,2,62
569,6261,3,6,36
570,690,5,2,52
571,9996,4,3,43
572,1335,8,2,82
573,5518,3,5,35
574,8718,3,7,37
575,7868,9,0,90
576,5962,3,8,38
577,1362,3,6,36
578,6047,3,9,39
579,8428,7,7,77
580,8797,8,4,84
581,4157,0,0,00
582,473,8,1,81
583,4124,2,8,28
584,2802,1,2,12
585,4194,7,4,74
586,3415,0,2,02
587,6544,6,5,65
588,5083,5,5,55
589,2868,4,1,41
590,6437,3,0,30
591,2262,8,7,87
592,2314,0,7,07
593,3944,9,3,93
594,8744,6,6,66
595,7039,3,6,36
596,5737,8,0,80
597,8611,0,0,00
598,4840,9,9,99
599,8768,9,1,91
600,7243,6,9,69
601,6588,8,0,80
602,7120,6,2,62
603,8665,8,5,85
604,7013,5,2,52
605,2475,7,2,72
606,6908,8,5,85
607,867,6,2,62
608,2833,0,7,07
609,4467,2,7,27
610,7893,4,3,43
611,5919,0,9,09
612,632,2,2,22
613,6651,2,0,20
614,9900,3,8,38
615,9829,1,9,19
616,4674,9,1,91
617,7143,7,8,78
618,8940,5,5,55
619,5904,1,3,13
620,5218,0,6,06
621,2331,8,6,86
622,3411,4,9,49
623,3799,6,7,67
624,6164,2,7,27
625,4472,6,5,65
626,347,7,5,75
627,2885,9,1,91
628,8396,3,1,31
629,4471,2,7,27
630,2737,9,6,96
631,931,8,4,84
632,8560,2,2,22
633,5991,2,1,21
634,9164,9,7,97
635,9756,2,6,26
636,3193,7,3,73
637,3520,3,6,36
638,5180,5,7,57
639,826,9,1,91
640,2911,1,8,18
641,9281,8,0,80
642,6036,0,2,02
643,6859,2,4,24
644,1461,0,4,04
645,9375,5,8,58
646,5427,2,2,22
647,2343,1,1,11
648,7751,3,4,34
649,7557,7,9,79
650,8175,6,7,67
651,6901,7,1,71
652,5707,1,9,19
653,395,2,5,25
654,4111,5,9,59
655,8207,8,9,89
656,7895,0,9,09
657,713,3,0,30
658,6564,7,3,73
659,838,2,4,24
660,6809,4,1,41
661,9250,0,9,09
662,6243,9,7,97
663,9420,1,8,18
664,2426,8,9,89
665,8357,6,8,68
666,6851,7,8,78
667,2644,7,5,75
668,1184,4,2,42
669,635,3,2,32
670,8557,4,9,49
671,925,9,3,93
672,2014,1,9,19
673,8748,9,0,90
674,8099,5,1,51
675,8539,1,5,15
676,3816,7,8,78
677,3176,3,2,32
678,333,9,5,95
679,5326,7,7,77
680,3617,6,6,66
681,4803,9,4,94
682,8535,1,0,10
683,1181,3,6,36
684,2701,7,4,74
685,1310,8,3,83
686,175,3,7,37
687,2828,3,4,34
688,122,6,7,67
689,6542,7,3,73
690,5720,2,4,24
691,3701,8,3,83
692,6373,5,4,54
693,773,8,9,89
694,1522,5,7,57
695,519,1,4,14
696,6068,1,6,16
697,7584,4,7,47
698,3515,4,3,43
699,6434,3,7,37
700,1895,1,2,12
701,8459,0,1,01
702,1375,7,2,72
703,659,7,2,72
704,7318,0,9,09
705,9676,7,9,79
706,6458,9,7,97
707,5546,4,9,49
708,3501,4,9,49
709,5099,8,2,82
710,9093,5,9,59
711,5480,5,5,55
712,4380,4,8,48
713,9892,0,8,08
714,8731,8,0,80
715,7611,2,4,24
716,2322,1,5,15
717,8165,0,2,02
718,7917,8,2,82
719,4610,4,9,49
720,5938,5,6,56
721,2667,0,8,08
722,7405,4,1,41
723,9168,0,2,02
724,6202,6,1,61
725,3722,1,4,14
726,4112,7,8,78
727,2470,3,8,38
728,6126,2,9,29
729,3590,6,5,65
730,4662,7,9,79
731,3236,2,7,27
732,7021,6,7,67
733,902,9,4,94
734,3469,3,3,33
735,7123,1,1,11
736,8561,4,3,43
737,5065,6,8,68
738,7645,2,7,27
739,7849,5,3,53
740,4434,4,8,48
741,8360,2,1,21
742,6960,0,7,07
743,8456,6,8,68
744,8380,2,6,26
745,6529,1,4,14
746,570,7,5,75
747,7697,3,9,39
748,952,4,6,46
749,8299,1,5,15
750,3810,0,5,05
751,9685,5,5,55
752,4711,4,5,45
753,8867,3,3,33
754,3773,1,2,12
755,5522,1,8,18
756,940,7,6,76
757,9495,4,7,47
758,9021,9,6,96
759,1733,9,6,96
760,3091,4,8,48
761,5603,8,0,80
762,8669,4,8,48
763,3954,0,8,08
764,5358,2,3,23
765,3639,4,1,41
766,6257,5,5,55
767,603,1,8,18
768,2614,1,8,18
769,2472,6,9,69
770,9195,4,6,46
771,5125,7,2,72
772,2316,1,1,11
773,7461,9,6,96
774,8436,4,9,49
775,7490,2,7,27
776,9292,4,9,49
777,9510,1,2,12
778,8960,5,4,54
779,9383,5,6,56
780,85,3,4,34
781,90,8,3,83
782,9663,3,0,30
783,1039,1,7,17
784,2814,4,5,45
785,8809,5,1,51
786,4405,6,9,69
787,436,8,8,88
788,1546,9,2,92
789,6899,4,5,45
790,7292,1,3,13
791,8721,5,2,52
792,5698,3,4,34
793,1479,8,3,83
794,1401,0,7,07
795,1024,3,4,34
796,9714,2,0,20
797,1365,5,2,52
798,3215,1,0,10
799,9750,2,3,23
800,9004,8,0,80
801,3725,3,6,36
802,730,4,7,47
803,8268,4,1,41
804,6091,0,9,09
805,1653,8,5,85
806,522,8,7,87
807,3912,3,2,32
808,2538,3,9,39
809,162,1,5,15
810,2652,7,2,72
811,9843,3,9,39
812,2354,5,2,52
813,2685,9,9,99
814,8060,6,3,63
815,1824,3,2,32
816,447,2,4,24
817,1524,6,8,68
818,7328,1,2,12
819,1043,3,4,34
820,1209,6,6,66
821,2488,0,2,02
822,7704,7,4,74
823,6456,2,1,21
824,7092,1,4,14
825,74,7,1,71
826,1734,1,7,17
827,7870,4,5,45
828,5871,2,9,29
829,467,4,2,42
830,3975,2,3,23
831,3684,1,4,14
832,6765,7,8,78
833,3427,9,6,96
834,9237,6,8,68
835,8927,1,8,18
836,6944,1,7,17
837,341,2,6,26
838,2345,4,9,49
839,8936,8,2,82
840,9905,1,3,13
841,2766,7,6,76
842,9515,7,7,77
843,4695,4,4,44
844,3002,8,8,88
845,6436,0,9,09
846,6913,7,1,71
847,8981,3,3,33
848,8488,1,1,11
849,7423,3,4,34
850,2478,1,9,19
851,1436,0,6,06
852,3613,7,0,70
853,59,7,5,75
854,5474,0,4,04
855,6295,3,4,34
856,343,5,3,53
857,6308,5,1,51
858,7065,2,3,23
859,6114,7,0,70
860,3931,6,6,66
861,6712,6,1,61
862,7551,9,3,93
863,9409,2,3,23
864,2687,8,0,80
865,9108,3,7,37
866,8252,5,1,51
867,8444,2,5,25
868,2950,2,1,21
869,1806,5,7,57
870,5380,6,8,68
871,5845,0,7,07
872,3075,8,9,89
873,4265,2,4,24
874,4186,9,0,90
875,6807,2,9,29
876,1235,8,5,85
877,81,8,6,86
878,5318,8,1,81
879,9554,8,9,89
880,5049,7,8,78
881,7296,4,7,47
882,2909,9,5,95
883,1900,3,1,31
884,6022,0,9,09
885,7260,6,7,67
886,7745,6,8,68
887,8098,3,0,30
888,1588,2,3,23
889,2159,1,5,15
890,6769,3,4,34
891,2673,2,9,29
892,7784,2,1,21
893,4596,9,5,95
894,8327,3,5,35
895,3271,0,0,00
896,6251,0,4,04
897,4567,5,4,54
898,9941,7,5,75
899,8148,8,6,86
900,3073,1,1,11
901,1967,4,5,45
902,9072,4,2,42
903,2283,6,1,61
904,2338,0,4,04
905,8994,2,9,29
906,640,9,1,91
907,5754,1,9,19
908,3323,4,8,48
909,6621,7,0,70
910,1566,4,7,47
911,2141,7,7,77
912,9358,3,0,30
913,6493,9,8,98
914,3734,8,0,80
915,6462,8,2,82
916,5902,4,1,41
917,4537,7,3,73
918,2666,1,7,17
919,5208,2,1,21
920,9116,1,8,18
921,8405,2,8,28
922,1370,2,5,25
923,3200,3,9,39
924,5745,2,7,27
925,9776,3,6,36
926,8103,2,6,26
927,7563,3,1,31
928,8097,9,8,98
929,1589,1,0,10
930,854,7,0,70
931,2556,4,5,45
932,8066,0,9,09
933,2281,3,3,33
934,9059,5,3,53
935,396,5,2,52
936,5816,8,4,84
937,2362,6,8,68
938,4044,3,3,33
939,5939,2,7,27
940,1772,6,7,67
941,6932,7,5,75
942,9698,6,6,66
943,6150,6,8,68
944,5650,3,8,38
945,5240,2,7,27
946,6317,7,8,78
947,641,8,8,88
948,7304,1,5,15
949,8108,1,2,12
950,8963,7,8,78
951,9220,5,0,50
952,2474,6,7,67
953,5000,4,3,43
954,373,9,8,98
955,1643,5,1,51
956,39,1,1,11
957,8331,3,5,35
958,8819,3,1,31
959,9926,4,8,48
960,7977,7,2,72
961,8086,8,1,81
962,4340,9,5,95
963,4117,1,8,18
964,7803,1,8,18
965,4173,6,2,62
966,3481,9,0,90
967,3645,1,5,15
968,4148,4,7,47
969,4766,4,5,45
970,2962,5,0,50
971,5642,4,1,41
972,1638,0,0,00
973,2998,6,4,64
974,3070,2,1,21
975,3491,2,9,29
976,3851,3,1,31
977,5889,1,1,11
978,8195,5,0,50
979,6991,1,5,15
980,6077,2,5,25
981,7307,0,7,07
982,8253,3,2,32
983,4991,8,7,87
984,381,1,3,13
985,2678,2,4,24
986,837,6,2,62
987,5385,7,2,72
988,2463,1,7,17
989,6551,6,3,63
990,7553,2,8,28
991,5931,3,2,32
992,9406,9,4,94
993,4508,0,8,08
994,3031,1,6,16
995,6043,2,5,25
996,6477,2,8,28
997,9886,0,6,06
998,3047,8,2,82
999,2702,9,6,96
1000,8743,9,4,94
1001,7417,0,8,08
1002,4526,2,3,23
1003,87,5,3,53
1004,2323,1,9,19
1005,7810,9,0,90
1006,5188,7,8,78
1007,6902,8,1,81
1008,2401,1,4,14
1009,9747,0,5,05
1010,7980,4,1,41
1011,6716,1,5,15
1012,3188,7,4,74
1013,864,9,8,98
1014,4352,6,3,63
1015,3017,4,4,44
1016,987,2,7,27
1017,9210,6,6,66
1018,9255,8,9,89
1019,4102,1,7,17
1020,197,3,6,36
1021,8977,7,9,79
1022,8596,5,9,59
1023,8435,4,3,43
1024,5826,4,6,46
1025,4407,1,9,19
1026,8102,8,2,82
1027,1292,1,6,16
1028,8033,3,4,34
1029,1180,8,1,81
1030,7840,1,2,12
1031,8795,2,0,20
1032,8979,5,1,51
1033,3023,8,8,88
1034,8762,0,9,09
1035,338,6,8,68
1036,3510,2,2,22
1037,51,1,3,13
1038,1976,1,3,13
1039,8021,7,0,70
1040,4054,1,5,15
1041,7342,5,0,50
1042,9298,3,5,35
1043,4871,4,1,41
1044,2199,6,6,66
1045,2756,9,3,93
1046,2145,5,4,54
1047,9608,0,7,07
1048,1578,9,6,96
1049,1041,2,5,25
1050,7835,2,0,20
1051,6577,4,7,47
1052,6518,8,5,85
1053,5989,2,6,26
1054,1957,1,2,12
1055,7933,7,0,70
1056,9971,2,2,22
1057,7168,4,0,40
1058,2633,9,9,99
1059,2699,4,2,42
1060,1073,4,5,45
1061,2002,0,6,06
1062,7303,3,1,31
1063,8978,9,0,90
1064,5071,2,7,27
1065,1677,2,5,25
1066,3973,3,7,37
1067,2956,3,5,35
1068,4635,8,3,83
1069,8143,3,6,36
1070,9,5,9,59
1071,5522,7,8,78
1072,7382,3,9,39
1073,979,5,1,51
1074,5399,8,1,81
1075,1794,1,0,10
1076,2079,2,6,26
1077,6697,4,7,47
1078,6498,4,6,46
1079,4987,6,4,64
1080,4210,4,9,49
1081,5676,9,4,94
1082,3930,5,1,51
1083,7095,1,9,19
1084,4187,0,2,02
1085,4318,6,1,61
1086,7365,9,3,93
1087,6798,5,0,50
1088,6669,9,6,96
1089,1508,5,9,59
1090,5831,9,1,91
1091,4512,7,6,76
1092,4272,3,9,39
1093,5147,8,0,80
1094,2561,0,8,08
1095,9394,3,8,38
1096,3692,7,7,77
1097,4931,1,1,11
1098,3853,3,6,36
1099,9738,6,4,64
1100,8011,7,4,74
1101,6920,8,2,82
1102,2458,5,6,56
1103,3892,9,8,98
1104,4724,7,8,78
1105,1569,9,6,96
1106,5874,6,5,65
1107,5089,9,2,92
1108,7716,6,2,62
1109,9323,3,7,37
1110,8595,7,0,70
1111,9960,4,4,44
1112,7722,4,1,41
1113,9240,5,6,56
1114,871,3,0,30
1115,7183,5,1,51
1116,3189,4,7,47
1117,3083,7,3,73
1118,7626,8,1,81
1119,4765,7,6,76
1120,8604,8,1,81
1121,1979,0,9,09
1122,8953,7,9,79
1123,4949,6,1,61
1124,5503,8,9,89
1125,2817,8,0,80
1126,1306,7,4,74
1127,5483,3,0,30
1128,4665,3,9,39
1129,7540,1,6,16
1130,5200,9,4,94
1131,6699,5,4,54
1132,6555,2,8,28
1133,1577,7,6,76
1134,4965,3,2,32
1135,4807,5,8,58
1136,3766,1,3,13
1137,857,1,5,15
1138,5952,2,0,20
1139,1776,1,7,17
1140,3663,4,5,45
1141,7819,7,5,75
1142,5001,4,9,49
1143,7388,7,5,75
1144,6069,5,7,57
1145,7275,4,6,46
1146,4811,5,7,57
1147,6430,4,1,41
1148,8440,0,8,08
1149,7713,8,8,88
1150,7489,3,9,39
1151,361,6,6,66
1152,8194,9,0,90
1153,5906,6,7,67
1154,9832,0,2,02
1155,9438,2,1,21
1156,9899,7,7,77
1157,8447,4,5,45
1158,1540,4,7,47
1159,3665,4,6,46
1160,1732,4,9,49
1161,1327,6,9,69
1162,9534,6,7,67
1163,9523,4,5,45
1164,1993,7,1,71
1165,9403,9,6,96
1166,7621,3,4,34
1167,6153,4,8,48
1168,9260,5,5,55
1169,1025,5,1,51
1170,6573,8,5,85
1171,4070,7,0,70
1172,456,3,2,32
1173,3539,7,6,76
1174,3038,2,7,27
1175,6169,7,4,74
1176,9720,0,6,06
1177,6665,2,3,23
1178,683,4,3,43
1179,7428,1,8,18
1180,8439,1,1,11
1181,3327,6,2,62
1182,6040,6,0,60
1183,6885,9,2,92
1184,8059,2,2,22
1185,539,8,2,82
1186,1750,7,7,77
1187,6273,2,4,24
1188,6092,0,1,01
1189,6873,1,3,13
1190,2548,5,9,59
1191,9819,0,1,01
1192,7448,9,5,95
1193,7854,1,9,19
1194,9236,7,0,70
1195,1221,0,5,05
1196,4601,6,8,68
1197,9795,0,1,01
1198,4906,8,4,84
1199,9258,6,1,61
1200,1131,8,5,85
1201,2757,1,1,11
1202,402,8,3,83
1203,6530,0,5,05
1204,616,3,9,39
1205,3090,3,0,30
1206,6392,7,5,75
1207,1628,2,3,23
1208,9780,3,8,38
1209,5471,6,7,67
1210,9592,2,4,24
1211,7381,1,0,10
1212,1294,6,0,60
1213,2730,1,7,17
1214,2910,1,2,12
1215,5226,3,8,38
1216,7218,7,4,74
1217,8965,9,8,98
1218,7397,0,5,05
1219,8332,8,9,89
1220,1270,0,4,04
1221,4818,5,3,53
1222,3357,4,4,44
1223,9755,0,8,08
1224,2203,2,8,28
1225,2838,8,2,82
1226,1805,7,7,77
1227,770,2,4,24
1228,2597,9,5,95
1229,1538,8,2,82
1230,9662,4,3,43
1231,3504,0,9,09
1232,5378,9,6,96
1233,2777,5,0,50
1234,3525,8,7,87
1235,8373,5,0,50
1236,9715,1,1,11
1237,2624,2,3,23
1238,9388,1,1,11
1239,818,3,1,31
1240,7396,1,3,13
1241,8349,7,6,76
1242,8719,4,2,42
1243,9372,5,5,55
1244,9445,7,3,73
1245,3971,2,4,24
1246,2894,0,0,00
1247,4009,9,9,99
1248,9304,8,2,82
1249,8901,8,6,86
1250,1486,6,9,69
1251,9551,2,4,24
1252,2966,5,9,59
1253,6445,4,1,41
1254,9896,1,1,11
1255,8681,9,0,90
1256,8651,2,7,27
1257,3382,1,6,16
1258,8985,5,8,58
1259,1456,8,6,86
1260,2710,7,7,77
1261,7466,0,6,06
1262,1394,2,8,28
1263,9057,4,9,49
1264,5293,4,3,43
1265,3552,3,5,35
1266,1127,6,3,63
1267,547,8,2,82
1268,4869,8,1,81
1269,9464,2,1,21
1270,6356,4,1,41
1271,2134,0,5,05
1272,2205,5,4,54
1273,7798,0,3,03
1274,6820,4,2,42
1275,9037,4,0,40
1276,2824,7,0,70
1277,8655,9,3,93
1278,8181,3,9,39
1279,1631,4,9,49
1280,9729,1,5,15
1281,7290,5,1,51
1282,5418,9,3,93
1283,5581,7,6,76
1284,8637,3,6,36
1285,3247,5,4,54
1286,8998,8,9,89
1287,4259,8,9,89
1288,9908,0,6,06
1289,6116,5,3,53
1290,5051,3,0,30
1291,7418,3,1,31
1292,9983,6,0,60
1293,7093,6,2,62
1294,7670,0,6,06
1295,6907,1,3,13
1296,6871,6,7,67
1297,1330,0,4,04
1298,2231,3,6,36
1299,9858,5,6,56
1300,1001,4,0,40
1301,2009,4,9,49
1302,2897,1,8,18
1303,6841,2,0,20
1304,6805,9,7,97
1305,7836,1,4,14
1306,9282,4,1,41
1307,1982,6,6,66
1308,9641,9,1,91
1309,3915,9,4,94
1310,1328,3,7,37
1311,7764,9,4,94
1312,8244,8,1,81
1313,7226,4,1,41
1314,6353,4,7,47
1315,3726,3,4,34
1316,9357,1,9,19
1317,1517,3,0,30
1318,2176,1,2,12
1319,9650,8,7,87
1320,1318,8,1,81
1321,2669,7,2,72
1322,8438,9,2,92
1323,208,4,2,42
1324,7507,8,1,81
1325,1226,8,7,87
1326,3061,7,7,77
1327,9932,9,9,99
1328,7520,7,4,74
1329,4654,1,7,17
1330,1291,4,3,43
1331,3826,5,5,55
1332,7511,6,5,65
1333,4556,0,9,09
1334,5191,5,4,54
1335,4986,2,8,28
1336,6362,2,4,24
1337,4394,2,6,26
1338,3362,1,6,16
1339,5330,5,3,53
1340,2351,5,3,53
1341,9583,2,5,25
1342,5320,4,0,40
1343,7997,9,5,95
1344,4563,6,1,61
1345,4445,2,2,22
1346,9196,7,7,77
1347,1406,7,5,75
1348,1499,2,8,28
1349,8089,2,5,25
1350,5785,1,2,12
1351,9593,1,1,11
1352,1171,2,7,27
1353,7179,8,6,86
1354,561,3,0,30
1355,971,7,4,74
1356,3476,2,3,23
1357,1427,4,4,44
1358,9573,1,7,17
1359,2498,7,4,74
1360,5643,1,2,12
1361,6895,7,9,79
1362,2277,6,1,61
1363,6429,7,0,70
1364,4052,8,5,85
1365,5966,2,6,26
1366,9111,7,2,72
1367,6192,3,1,31
1368,1489,1,3,13
1369,1151,7,6,76
1370,8726,5,8,58
1371,1580,8,4,84
1372,6240,2,2,22
1373,2615,6,4,64
1374,6256,2,4,24
1375,590,2,3,23
1376,7971,5,8,58
1377,9841,6,5,65
1378,8075,5,8,58
1379,7739,0,2,02
1380,1595,9,7,97
1381,6380,2,7,27
1382,5515,4,2,42
1383,4066,3,2,32
1384,5197,3,5,35
1385,281,9,9,99
1386,3603,7,6,76
1387,9104,6,4,64
1388,8551,6,3,63
1389,5063,8,4,84
1390,9491,0,3,03
1391,1694,4,8,48
1392,4140,1,8,18
1393,9029,5,6,56
1394,5219,8,9,89
1395,3728,2,4,24
1396,763,9,0,90
1397,3213,1,7,17
1398,3733,8,1,81
1399,8366,0,5,05
1400,4863,6,8,68
1401,8222,7,4,74
1402,3662,2,8,28
1403,3526,1,9,19
1404,3110,0,3,03
1405,2990,5,8,58
1406,2490,5,7,57
1407,9391,2,5,25
1408,1251,0,2,02
1409,5008,2,0,20
1410,6181,2,0,20
1411,7191,0,1,01
1412,1064,2,2,22
1413,6764,4,6,46
1414,2192,9,5,95
1415,4343,8,0,80
1416,7598,0,7,07
1417,6552,9,4,94
1418,6940,9,3,93
1419,4012,4,4,44
1420,3016,6,0,60
1421,6829,5,1,51
1422,2825,4,1,41
1423,5820,9,2,92
1424,6892,1,0,10
1425,2640,8,8,88
1426,9674,3,1,31
1427,1831,4,6,46
1428,8750,9,9,99
1429,1879,9,5,95
1430,4844,1,5,15
1431,7004,2,8,28
1432,1046,2,5,25
1433,7130,8,3,83
1434,8589,1,4,14
1435,3449,9,3,93
1436,1504,6,0,60
1437,8129,4,2,42
1438,4422,0,5,05
1439,8114,9,0,90
1440,3475,4,3,43
1441,8401,8,7,87
1442,7518,3,2,32
1443,161,8,6,86
1444,6226,6,3,63
1445,7901,0,8,08
1446,647,2,1,21
1447,3055,5,7,57
1448,2485,1,0,10
1449,9127,9,6,96
1450,2698,6,5,65
1451,5139,2,0,20
1452,6368,9,5,95
1453,5888,4,4,44
1454,4068,0,8,08
1455,3195,9,2,92
1456,4666,6,2,62
1457,1072,0,3,03
1458,1721,6,7,67
1459,7862,2,8,28
1460,7813,5,9,59
1461,1424,4,1,41
1462,4660,2,7,27
1463,1547,3,4,34
1464,2954,8,0,80
1465,8863,4,5,45
1466,4234,5,3,53
1467,3239,5,2,52
1468,914,0,8,08
1469,5047,3,4,34
1470,2606,8,5,85
1471,9642,5,9,59
1472,6187,3,6,36
1473,907,5,1,51
1474,9879,8,0,80
1475,7987,6,0,60
1476,1004,5,1,51
1477,2476,7,5,75
1478,548,6,3,63
1479,1857,3,6,36
1480,7899,3,1,31
1481,2917,9,4,94
1482,4744,6,8,68
1483,3191,1,0,10
1484,8124,1,7,17
1485,7182,2,9,29
1486,2433,9,2,92
1487,9827,0,8,08
1488,2218,4,4,44
1489,3208,3,7,37
1490,8371,3,9,39
1491,3612,6,4,64
1492,8230,9,9,99
1493,285,5,2,52
1494,7685,7,2,72
1495,604,3,5,35
1496,9742,7,3,73
1497,3586,7,1,71
1498,3101,7,7,77
1499,4127,8,2,82
1500,893,7,9,79
1501,1434,9,1,91
1502,745,8,1,81
1503,8477,3,9,39
1504,3551,0,4,04
1505,246,7,0,70
1506,1727,2,3,23
1507,9611,7,0,70
1508,8588,9,6,96
1509,9791,4,0,40
1510,1459,5,2,52
1511,8310,4,2,42
1512,9867,9,2,92
1513,5346,3,3,33
1514,8233,2,1,21
1515,9361,1,6,16
1516,4119,4,7,47
1517,26,0,7,07
1518,7009,2,4,24
1519,6926,3,6,36
1520,9876,7,1,71
1521,296,5,0,50
1522,7757,7,7,77
1523,4385,8,2,82
1524,366,8,6,86
1525,9585,5,0,50
1526,1109,0,3,03
1527,5678,1,8,18
1528,5618,1,5,15
1529,9010,4,2,42
1530,5374,8,5,85
1531,9065,3,5,35
1532,9316,9,8,98
1533,314,0,1,01
1534,9181,0,2,02
1535,6488,0,4,04
1536,8649,6,8,68
1537,8782,6,9,69
1538,3567,2,8,28
1539,4977,3,1,31
1540,119,7,2,72
1541,137,8,1,81
1542,4877,4,1,41
1543,7436,7,3,73
1544,9812,7,3,73
1545,8701,9,3,93
1546,3497,2,4,24
1547,7761,4,6,46
1548,5414,1,9,19
1549,7760,4,7,47
1550,6278,5,1,51
1551,1147,2,4,24
1552,1876,4,1,41
1553,5018,9,2,92
1554,9505,9,7,97
1555,6170,1,7,17
1556,1099,8,6,86
1557,1386,4,7,47
1558,4740,0,3,03
1559,1699,9,7,97
1560,4364,8,5,85
1561,2122,4,2,42
1562,528,8,3,83
1563,2581,7,5,75
1564,6855,7,7,77
1565,9223,0,0,00
1566,3068,7,8,78
1567,6688,8,1,81
1568,8337,8,3,83
1569,63,6,3,63
1570,472,0,6,06
1571,976,4,3,43
1572,3863,8,5,85
1573,3353,8,1,81
1574,6461,2,0,20
1575,3373,4,7,47
1576,5436,7,2,72
1577,3666,6,9,69
1578,2971,6,2,62
1579,8834,6,5,65
1580,586,4,0,40
1581,9085,7,5,75
1582,2742,1,9,19
1583,1376,8,5,85
1584,3234,8,4,84
1585,2304,2,0,20
1586,6013,3,4,34
1587,2763,6,0,60
1588,4384,3,2,32
1589,8027,0,8,08
1590,648,0,3,03
1591,6565,3,9,39
1592,9835,7,4,74
1593,4447,6,0,60
1594,4637,9,5,95
1595,1798,7,3,73
1596,1123,9,6,96
1597,2423,9,8,98
1598,5977,5,9,59
1599,2724,4,8,48
1600,4345,3,2,32
1601,4458,3,4,34
1602,371,6,2,62
1603,6782,1,6,16
1604,4951,2,1,21
1605,9861,3,4,34
1606,2805,7,5,75
1607,8802,3,4,34
1608,9958,3,7,37
1609,9492,2,4,24
1610,4894,0,3,03
1611,6086,3,4,34
1612,4515,3,0,30
1613,3547,8,2,82
1614,2265,4,4,44
1615,7042,3,6,36
1616,9570,6,1,61
1617,88,3,6,36
1618,9940,5,6,56
1619,9441,0,6,06
1620,980,2,2,22
1621,2764,0,0,00
1622,1468,9,0,90
1623,2025,0,3,03
1624,5025,7,1,71
1625,5245,4,3,43
1626,3731,6,2,62
1627,1614,9,4,94
1628,1277,3,9,39
1629,2114,5,5,55
1630,897,1,5,15
1631,6157,9,9,99
1632,9430,6,3,63
1633,966,1,9,19
1634,1333,4,0,40
1635,2498,5,4,54
1636,1297,4,0,40
1637,5538,5,3,53
1638,5743,0,6,06
1639,3819,5,4,54
1640,8703,9,3,93
1641,2120,5,4,54
1642,6989,2,2,22
1643,1679,1,4,14
1644,2163,2,8,28
1645,9363,9,3,93
1646,3874,1,9,19
1647,1288,9,0,90
1648,3111,9,7,97
1649,5460,4,1,41
1650,533,0,4,04
1651,1867,8,1,81
1652,5344,4,9,49
1653,8705,5,9,59
1654,4289,2,2,22
1655,8391,9,7,97
1656,7046,2,8,28
1657,6010,1,2,12
1658,6510,2,0,20
1659,1594,1,9,19
1660,3210,7,0,70
1661,4900,3,7,37
1662,2081,6,0,60
1663,245,8,3,83
1664,8235,8,4,84
1665,566,4,6,46
1666,1598,9,5,95
1667,2958,1,9,19
1668,2189,9,9,99
1669,4274,8,2,82
1670,714,5,8,58
1671,2793,7,8,78
1672,1451,5,2,52
1673,6330,1,2,12
1674,9800,1,0,10
1675,1051,8,4,84
1676,1766,6,1,61
1677,3872,5,9,59
1678,5258,2,1,21
1679,6753,4,0,40
1680,1285,4,5,45
1681,9273,3,0,30
1682,7223,2,1,21
1683,2206,3,4,34
1684,9548,5,3,53
1685,1862,6,4,64
1686,1240,8,1,81
1687,5921,8,2,82
1688,3422,6,6,66
1689,6404,2,8,28
1690,6111,3,2,32
1691,6102,1,4,14
1692,7743,0,6,06
1693,1146,5,5,55
1694,4530,8,7,87
1695,1842,9,2,92
1696,6985,2,3,23
1697,9769,9,9,99
1698,7390,6,7,67
1699,8841,7,9,79
1700,6460,0,4,04
1701,2918,4,2,42
1702,9813,8,4,84
1703,8130,7,3,73
1704,772,1,1,11
1705,254,7,7,77
1706,4545,4,8,48
1707,7748,1,1,11
1708,5409,0,4,04
1709,1205,9,3,93
1710,8591,7,7,77
1711,524,2,3,23
1712,6625,0,8,08
1713,9228,0,5,05
1714,1626,9,6,96
1715,3696,1,2,12
1716,8276,7,4,74
1717,5654,8,7,87
1718,7012,7,2,72
1719,7338,8,4,84
1720,1952,4,9,49
1721,8806,7,8,78
1722,6472,2,1,21
1723,5936,0,4,04
1724,9869,4,7,47
1725,7558,6,0,60
1726,9902,0,0,00
1727,723,3,0,30
1728,290,1,8,18
1729,3641,1,1,11
1730,1870,3,0,30
1731,5671,3,9,39
1732,6654,9,8,98
1733,4351,6,0,60
1734,9226,7,6,76
1735,4697,4,7,47
1736,5890,1,0,10
1737,2952,5,3,53
1738,4950,3,2,32
1739,2493,0,9,09
1740,5096,8,4,84
1741,4576,7,4,74
1742,3997,3,7,37
1743,5527,9,9,99
1744,8200,6,6,66
1745,3577,9,2,92
1746,8170,3,5,35
1747,2436,5,4,54
1748,4139,0,6,06
1749,2408,2,3,23
1750,6210,7,9,79
1751,1825,4,9,49
1752,8574,5,8,58
1753,3106,1,2,12
1754,2173,7,4,74
1755,136,5,0,50
1756,4550,8,9,89
1757,6276,0,1,01
1758,8822,8,4,84
1759,2794,8,0,80
1760,7073,1,1,11
1761,6320,5,1,51
1762,9998,0,5,05
1763,6474,3,4,34
1764,993,0,0,00
1765,9498,3,0,30
1766,9522,1,7,17
1767,2778,4,4,44
1768,5185,0,3,03
1769,8250,3,9,39
1770,7323,7,1,71
1771,351,2,5,25
1772,7301,7,4,74
1773,2104,1,7,17
1774,1849,8,4,84
1775,8257,0,7,07
1776,3658,7,2,72
1777,8767,0,7,07
1778,3184,4,7,47
1779,1049,3,2,32
1780,3048,1,2,12
1781,6964,9,5,95
1782,3950,8,9,89
1783,8312,7,4,74
1784,3074,7,3,73
1785,7386,1,2,12
1786,7121,4,8,48
1787,3785,9,2,92
1788,3261,9,3,93
1789,2005,3,4,34
1790,7002,2,2,22
1791,3490,1,4,14
1792,3833,7,8,78
1793,598,9,9,99
1794,4702,0,6,06
1795,8916,2,3,23
1796,7299,0,1,01
1797,663,3,1,31
1798,6812,3,4,34
1799,7623,7,8,78
1800,4101,6,9,69
1801,2735,9,9,99
1802,5599,2,6,26
1803,1848,3,7,37
1804,5645,3,9,39
1805,738,7,2,72
1806,1409,7,2,72
1807,8575,0,1,01
1808,4831,0,6,06
1809,3772,7,2,72
1810,7449,5,0,50
1811,7058,2,6,26
1812,7829,9,3,93
1813,3292,8,7,87
1814,5229,7,5,75
1815,2848,4,2,42
1816,3011,4,7,47
1817,9540,2,1,21
1818,9385,6,8,68
1819,6949,6,2,62
1820,3738,1,3,13
1821,9034,9,4,94
1822,9595,6,2,62
1823,6230,8,9,89
1824,4121,2,8,28
1825,2695,9,7,97
1826,5913,0,5,05
1827,234,8,7,87
1828,1611,3,3,33
1829,5749,1,8,18
1830,7207,1,3,13
1831,9132,6,5,65
1832,4207,3,8,38
1833,4742,5,7,57
1834,1311,1,9,19
1835,3530,1,4,14
1836,1778,1,4,14
1837,164,3,6,36
1838,576,1,3,13
1839,7612,2,5,25
1840,3355,3,2,32
1841,2846,0,6,06
1842,5777,2,8,28
1843,573,0,3,03
1844,3854,1,7,17
1845,9365,3,3,33
1846,5457,5,1,51
1847,7321,5,2,52
1848,2602,7,2,72
1849,5865,4,0,40
1850,2948,8,5,85
1851,7866,9,0,90
1852,7403,6,5,65
1853,9582,9,3,93
1854,3041,6,9,69
1855,3765,8,1,81
1856,8722,3,8,38
1857,9401,6,1,61
1858,9026,6,9,69
1859,1028,8,3,83
1860,9771,5,7,57
1861,6120,1,5,15
1862,900,4,1,41
1863,9665,2,6,26
1864,7526,4,0,40
1865,3829,4,8,48
1866,8064,5,7,57
1867,5488,1,5,15
1868,1962,1,3,13
1869,4678,9,7,97
1870,4650,0,0,00
1871,6366,2,7,27
1872,501,4,9,49
1873,3391,9,6,96
1874,7236,5,9,59
1875,9253,7,4,74
1876,1893,1,8,18
1877,8710,8,5,85
1878,2003,8,5,85
1879,8286,5,1,51
1880,8774,6,5,65
1881,6557,9,0,90
1882,5988,8,7,87
1883,8753,7,3,73
1884,8044,1,9,19
1885,3310,1,0,10
1886,7007,6,2,62
1887,2639,7,3,73
1888,7411,6,1,61
1889,9667,3,8,38
1890,5069,2,0,20
1891,476,2,1,21
1892,6287,0,0,00
1893,960,8,7,87
1894,8087,9,3,93
1895,1299,2,5,25
1896,1071,5,7,57
1897,1385,1,9,19
1898,1977,0,6,06
1899,3968,8,5,85
1900,5435,1,0,10
1901,5128,9,1,91
1902,2372,5,7,57
1903,3120,7,3,73
1904,5164,9,9,99
1905,4898,6,6,66
1906,505,9,3,93
1907,9028,0,9,09
1908,4388,6,6,66
1909,6870,1,9,19
1910,9890,5,9,59
1911,7071,5,9,59
1912,1787,8,9,89
1913,5878,3,3,33
1914,7869,8,1,81
1915,4229,2,4,24
1916,3911,6,0,60
1917,5484,5,6,56
1918,4560,0,9,09
1919,9351,7,2,72
1920,4797,4,8,48
1921,4785,6,3,63
1922,312,1,0,10
1923,3226,3,0,30
1924,9527,4,0,40
1925,3419,7,1,71
1926,9476,3,2,32
1927,5924,2,2,22
1928,6144,3,4,34
1929,8644,4,6,46
1930,412,2,5,25
1931,6779,5,0,50
1932,1612,2,3,23
1933,4808,7,3,73
1934,2324,1,1,11
1935,8399,7,6,76
1936,7104,2,3,23
1937,6221,6,9,69
1938,7970,4,6,46
1939,9574,1,8,18
1940,1360,5,1,51
1941,5691,7,4,74
1942,872,8,8,88
1943,1316,6,1,61
1944,4080,0,0,00
1945,634,1,9,19
1946,7335,8,6,86
1947,5631,2,4,24
1948,3992,5,9,59
1949,5177,7,7,77
1950,310,7,3,73
1951,2879,6,4,64
1952,9118,9,2,92
1953,4939,3,2,32
1954,1066,5,3,53
1955,2260,8,2,82
1956,9957,4,7,47
1957,6106,2,2,22
1958,9537,4,4,44
1959,8167,0,3,03
1960,4513,8,8,88
1961,9416,8,9,89
1962,4284,3,9,39
1963,740,4,4,44
1964,9943,9,3,93
1965,155,2,5,25
1966,9991,7,8,78
1967,5693,5,6,56
1968,1292,8,6,86
1969,4546,6,2,62
1970,7993,5,3,53
1971,4657,6,3,63
1972,1021,0,7,07
1973,2039,8,6,86
1974,8903,6,3,63
1975,1165,7,9,79
1976,7638,3,1,31
1977,3730,6,7,67
1978,8356,4,7,47
1979,5812,9,0,90
1980,3205,4,8,48
1981,6863,6,3,63
1982,3316,6,7,67
1983,5214,3,3,33
1984,833,2,9,29
1985,8961,4,4,44
1986,2593,1,0,10
1987,6727,0,3,03
1988,6993,1,2,12
1989,5120,4,2,42
1990,1220,6,0,60
1991,4580,2,1,21
1992,8950,9,2,92
1993,8084,1,9,19
1994,2471,1,6,16
1995,96,0,1,01
1996,4853,6,1,61
1997,9629,3,8,38
1998,5987,9,0,90
1999,2956,5,5,55
2000,7352,6,5,65
2001,8490,5,0,50
2002,3278,6,4,64
2003,482,5,7,57
2004,4320,8,0,80
2005,8865,4,0,40
2006,2200,6,2,62
2007,4956,4,8,48
2008,3819,3,4,34
2009,2146,9,8,98
2010,6549,1,6,16
2011,5656,3,8,38
2012,3890,4,5,45
2013,9263,1,8,18
2014,7379,9,8,98
2015,5517,1,4,14
2016,432,7,4,74
2017,1780,1,1,11
2018,4481,1,4,14
2019,3366,9,4,94
2020,6990,3,4,34
2021,413,5,7,57
2022,494,4,7,47
2023,849,0,3,03
2024,3127,7,5,75
2025,2654,3,6,36
2026,2647,6,3,63
2027,4507,1,1,11
2028,2717,7,0,70
2029,2047,5,6,56
2030,6849,5,2,52
2031,9730,3,6,36
2032,8478,3,6,36
2033,4858,0,1,01
2034,2796,1,6,16
2035,6483,5,5,55
2036,6031,7,6,76
2037,8296,5,3,53
2038,9541,8,4,84
2039,7285,6,6,66
2040,3556,5,5,55
2041,6536,1,4,14
2042,8015,0,8,08
2043,5298,4,8,48
2044,6300,2,4,24
2045,4516,3,1,31
2046,9648,4,0,40
2047,4391,6,7,67
2048,4495,7,0,70
2049,357,9,1,91
2050,7031,8,0,80
2051,9764,1,4,14
2052,133,8,7,87
2053,3140,4,0,40
2054,2251,9,4,94
2055,1467,2,5,25
2056,7606,8,7,87
2057,1179,6,1,61
2058,2153,2,3,23
2059,2469,7,6,76
2060,8954,0,4,04
2061,9947,0,4,04
2062,6315,6,6,66
2063,9979,7,7,77
2064,755,5,1,51
2065,3546,8,1,81
2066,1206,6,7,67
2067,4583,0,5,05
2068,3404,9,9,99
2069,4628,3,0,30
2070,5514,7,1,71
2071,1150,1,3,13
2072,4189,3,2,32
2073,560,5,9,59
2074,1751,4,4,44
2075,6028,3,5,35
2076,885,3,6,36
2077,6734,5,4,54
2078,3180,5,2,52
2079,953,6,4,64
2080,3458,3,0,30
2081,5696,0,4,04
2082,8505,2,8,28
2083,4206,3,2,32
2084,1894,4,9,49
2085,1601,2,3,23
2086,1249,3,8,38
2087,6139,0,3,03
2088,9660,9,7,97
2089,9712,9,8,98
2090,3649,4,1,41
2091,2916,7,9,79
2092,1947,2,2,22
2093,5630,8,1,81
2094,340,4,5,45
2095,5398,7,0,70
2096,9171,0,1,01
2097,3372,6,5,65
2098,7984,2,4,24
2099,8952,8,3,83
2100,4587,5,6,56
2101,3067,2,6,26
2102,1688,8,6,86
2103,5635,5,3,53
2104,8225,7,2,72
2105,2208,3,8,38
2106,8682,0,1,01
2107,619,8,1,81
2108,100,2,6,26
2109,3313,3,8,38
2110,1500,2,7,27
2111,788,8,9,89
2112,5700,2,3,23
2113,8442,5,4,54
2114,5204,5,8,58
2115,8518,7,3,73
2116,7235,6,2,62
2117,6938,4,1,41
2118,2065,6,8,68
2119,4514,8,4,84
2120,3022,4,5,45
2121,1758,8,8,88
2122,8890,2,6,26
2123,5528,7,5,75
2124,8301,4,8,48
2125,5310,5,7,57
2126,795,2,3,23
2127,2236,0,0,00
2128,187,3,5,35
2129,4598,9,4,94
2130,7495,4,9,49
2131,2142,6,8,68
2132,9824,7,8,78
2133,8188,2,7,27
2134,2551,5,3,53
2135,9986,6,3,63
2136,4038,1,2,12
2137,2209,1,0,10
2138,3095,2,5,25
2139,1173,3,7,37
2140,3574,6,0,60
2141,3808,7,7,77
2142,8938,8,1,81
2143,5161,7,6,76
2144,8285,6,7,67
2145,3748,4,6,46
2146,6515,8,1,81
2147,8326,9,6,96
2148,7991,4,9,49
2149,7402,8,4,84
2150,8038,6,5,65
2151,5598,3,5,35
2152,9787,8,3,83
2153,1748,3,0,30
2154,2533,1,3,13
2155,2211,0,8,08
2156,3756,6,5,65
2157,8666,2,1,21
2158,4570,2,9,29
2159,851,5,0,50
2160,1349,6,2,62
2161,5201,9,4,94
2162,7926,5,8,58
2163,5127,8,2,82
2164,2136,1,1,11
2165,3579,4,3,43
2166,6161,1,8,18
2167,9748,7,8,78
2168,4027,8,7,87
2169,6467,4,8,48
2170,6589,6,7,67
2171,1792,1,7,17
2172,3522,8,2,82
2173,3089,4,2,42
2174,4790,3,6,36
2175,6343,1,8,18
2176,7768,2,6,26
2177,9703,8,2,82
2178,2822,0,1,01
2179,5036,8,1,81
2180,7154,5,2,52
2181,6535,9,3,93
2182,649,1,7,17
2183,8827,4,9,49
2184,8627,2,8,28
2185,3492,0,8,08
2186,2320,2,9,29
2187,5509,7,4,74
2188,7811,0,1,01
2189,563,9,8,98
2190,9724,0,0,00
2191,4566,2,7,27
2192,9836,5,1,51
2193,2866,7,6,76
2194,4158,6,9,69
2195,9384,7,7,77
2196,5252,9,1,91
2197,485,4,0,40
2198,1949,2,7,27
2199,862,6,9,69
2200,6286,2,0,20
2201,3907,4,5,45
2202,6004,4,8,48
2203,5306,8,8,88
2204,3297,0,0,00
2205,2393,4,8,48
2206,189,4,1,41
2207,9398,5,5,55
2208,8030,8,7,87
2209,5076,0,4,04
2210,6247,6,9,69
2211,5288,8,8,88
2212,4324,9,4,94
2213,2578,8,7,87
2214,7570,5,2,52
2215,3375,6,2,62
2216,5150,9,3,93
2217,4262,0,1,01
2218,1576,4,7,47
2219,2521,8,7,87
2220,1619,7,0,70
2221,6485,1,8,18
2222,8255,3,4,34
2223,878,4,8,48
2224,6222,5,1,51
2225,8267,8,9,89
2226,1933,0,7,07
2227,6338,9,1,91
2228,7145,1,7,17
2229,4776,3,0,30
2230,3398,3,6,36
2231,3865,6,4,64
2232,1557,9,4,94
2233,8663,8,9,89
2234,4972,7,1,71
2235,9544,1,9,19
2236,8657,0,0,00
2237,7084,5,0,50
2238,3042,7,4,74
2239,6215,1,5,15
2240,4116,7,8,78
2241,1469,5,3,53
2242,8342,2,0,20
2243,9327,7,7,77
2244,4689,9,5,95
2245,7057,1,5,15
2246,9332,8,3,83
2247,8209,5,8,58
2248,6657,2,8,28
2249,8974,4,7,47
2250,899,9,8,98
2251,1868,4,1,41
2252,9424,7,6,76
2253,1549,2,4,24
2254,8388,2,0,20
2255,7244,3,8,38
2256,4551,4,7,47
2257,1018,9,8,98
2258,6393,1,9,19
2259,7577,9,5,95
2260,9230,2,0,20
2261,9330,1,8,18
2262,946,7,7,77
2263,5719,9,9,99
2264,6653,4,7,47
2265,6185,4,4,44
2266,7242,1,9,19
2267,2774,6,8,68
2268,8793,7,2,72
2269,1341,2,2,22
2270,4693,7,7,77
2271,3948,8,6,86
2272,4084,8,3,83
2273,1445,1,0,10
2274,9069,9,9,99
2275,5353,7,0,70
2276,2093,1,8,18
2277,2062,1,6,16
2278,3342,7,6,76
2279,9953,5,6,56
2280,7140,3,3,33
2281,9657,3,1,31
2282,1966,5,7,57
2283,2068,1,9,19
2284,1761,3,5,35
2285,1088,7,9,79
2286,3335,6,5,65
2287,2480,1,7,17
2288,3214,3,1,31
2289,7671,8,0,80
2290,5393,7,4,74
2291,6972,5,8,58
2292,2095,9,7,97
2293,9497,9,9,99
2294,3474,0,2,02
2295,5426,0,4,04
2296,734,2,3,23
2297,4717,8,1,81
2298,866,8,5,85
2299,1515,2,1,21
2300,7905,3,3,33
2301,5048,7,7,77
2302,7968,1,3,13
2303,7239,3,6,36
2304,9019,0,7,07
2305,1012,3,7,37
2306,5325,4,5,45
2307,4175,4,7,47
2308,4082,3,0,30
2309,9482,8,5,85
2310,4754,9,1,91
2311,7883,2,4,24
2312,2148,3,4,34
2313,8522,9,8,98
2314,5405,7,0,70
2315,203,1,1,11
2316,9814,1,5,15
2317,4554,7,0,70
2318,1286,0,8,08
2319,6211,4,0,40
2320,3695,9,0,90
2321,9009,6,7,67
2322,7922,5,2,52
2323,4499,9,6,96
2324,9172,1,7,17
2325,1855,7,8,78
2326,5159,0,4,04
2327,1625,2,4,24
2328,9225,0,2,02
2329,5973,0,3,03
2330,1431,4,2,42
2331,7898,6,0,60
2332,6707,7,6,76
2333,6911,0,4,04
2334,4630,7,3,73
2335,1223,1,0,10
2336,9434,4,1,41
2337,450,6,3,63
2338,6817,4,9,49
2339,6826,5,8,58
2340,5439,4,4,44
2341,4164,9,3,93
2342,1746,9,3,93
2343,2818,1,4,14
2344,7514,7,8,78
2345,6035,9,2,92
2346,6455,5,3,53
2347,2935,3,8,38
2348,5784,3,9,39
2349,9735,8,4,84
2350,9701,2,9,29
2351,2445,3,5,35
2352,83,6,7,67
2353,2254,2,2,22
2354,1359,2,7,27
2355,4502,1,9,19
2356,9666,1,0,10
2357,9744,1,8,18
2358,7981,1,3,13
2359,7135,1,2,12
2360,7802,6,1,61
2361,5477,9,1,91
2362,1781,8,9,89
2363,7215,4,3,43
2364,582,3,8,38
2365,5389,7,5,75
2366,1478,1,6,16
2367,593,6,9,69
2368,4171,4,1,41
2369,6914,5,9,59
2370,7644,0,3,03
2371,1666,4,9,49
2372,2445,7,5,75
2373,8076,4,9,49
2374,9788,2,7,27
2375,152,4,5,45
2376,1827,0,8,08
2377,6619,7,7,77
2378,9020,0,8,08
2379,9493,1,5,15
2380,5628,9,3,93
2381,303,8,2,82
2382,717,8,0,80
2383,4893,6,4,64
2384,8889,0,2,02
2385,3636,0,5,05
2386,7045,4,4,44
2387,2078,9,5,95
2388,9309,6,2,62
2389,217,8,6,86
2390,471,2,9,29
2391,3286,2,9,29
2392,4482,3,2,32
2393,4097,8,3,83
2394,9661,4,1,41
2395,372,8,0,80
2396,2973,2,9,29
2397,6710,2,9,29
2398,6670,1,1,11
2399,3996,7,4,74
2400,5834,5,6,56
2401,2622,4,7,47
2402,2050,4,8,48
2403,5308,0,2,02
2404,9462,4,8,48
2405,823,3,2,32
2406,4466,9,6,96
2407,9339,7,0,70
2408,2350,3,2,32
2409,8363,1,4,14
2410,2721,0,6,06
2411,8803,1,5,15
2412,2696,2,9,29
2413,3138,5,3,53
2414,9058,9,6,96
2415,4275,2,2,22
2416,6645,1,2,12
2417,35,0,2,02
2418,375,1,5,15
2419,5986,8,4,84
2420,4058,9,8,98
2421,2140,1,6,16
2422,5502,6,2,62
2423,3867,8,0,80
2424,4370,3,0,30
2425,139,8,4,84
2426,6435,9,8,98
2427,336,3,9,39
2428,8958,6,8,68
2429,1007,2,8,28
2430,9091,8,6,86
2431,1443,3,8,38
2432,7194,2,4,24
2433,66,2,6,26
2434,4688,1,3,13
2435,5224,0,3,03
2436,4383,4,9,49
2437,7506,2,0,20
2438,5035,9,0,90
2439,4544,2,4,24
2440,5595,4,2,42
2441,3972,3,6,36
2442,8402,7,7,77
2443,200,9,3,93
2444,6730,1,7,17
2445,2975,5,8,58
2446,536,2,2,22
2447,509,4,5,45
2448,4030,9,9,99
2449,2767,0,3,03
2450,4475,3,4,34
2451,5176,8,8,88
2452,7017,5,6,56
2453,9203,3,4,34
2454,1985,6,4,64
2455,4622,0,6,06
2456,4468,9,4,94
2457,5015,4,9,49
2458,6803,6,5,65
2459,1120,2,8,28
2460,1214,5,1,51
2461,6425,0,6,06
2462,7429,2,4,24
2463,9287,7,9,79
2464,6853,4,7,47
2465,1960,6,8,68
2466,716,6,1,61
2467,8989,8,4,84
2468,2201,6,4,64
2469,5639,6,9,69
2470,9334,8,6,86
2471,1472,6,3,63
2472,8715,9,1,91
2473,53,1,5,15
2474,9096,7,1,71
2475,192,2,0,20
2476,618,5,5,55
2477,5955,9,3,93
2478,1079,9,6,96
2479,9077,0,7,07
2480,7945,7,2,72
2481,4751,2,4,24
2482,1476,7,5,75
2483,6733,6,1,61
2484,6473,7,0,70
2485,7837,0,9,09
2486,1396,6,9,69
2487,6119,5,7,57
2488,195,2,3,23
2489,7672,4,5,45
2490,1455,7,9,79
2491,4511,2,9,29
2492,8790,0,4,04
2493,9945,9,9,99
2494,1298,9,3,93
2495,3440,2,8,28
2496,5576,2,7,27
2497,6066,9,4,94
2498,6693,4,6,46
2499,2319,4,4,44
2500,9919,2,7,27
2501,5291,3,1,31
2502,5130,3,9,39
2503,2399,2,7,27
2504,3004,1,2,12
2505,2653,7,5,75
2506,6128,0,6,06
2507,8892,7,1,71
2508,9336,6,1,61
2509,1053,4,2,42
2510,8178,1,4,14
2511,5341,3,6,36
2512,2405,8,3,83
2513,5646,7,1,71
2514,8992,4,0,40
2515,3116,5,2,52
2516,9305,9,3,93
2517,3216,2,8,28
2518,5896,5,1,51
2519,8453,1,5,15
2520,752,8,4,84
2521,7805,7,8,78
2522,3178,3,0,30
2523,4982,7,8,78
2524,7562,1,9,19
2525,4226,5,5,55
2526,9526,5,4,54
2527,7001,0,2,02
2528,6432,9,3,93
2529,1148,1,0,10
2530,8868,4,0,40
2531,3719,0,7,07
2532,1682,6,2,62
2533,784,3,4,34
2534,1430,3,1,31
2535,5624,6,5,65
2536,2821,0,0,00
2537,8770,4,4,44
2538,1637,9,5,95
2539,7902,7,7,77
2540,8552,5,4,54
2541,1256,1,2,12
2542,2993,6,7,67
2543,6288,8,0,80
2544,9054,9,9,99
2545,3493,5,3,53
2546,1644,5,2,52
2547,2567,7,7,77
2548,9556,9,1,91
2549,737,3,6,36
2550,1465,8,4,84
2551,8155,3,4,34
2552,8003,8,7,87
2553,9453,1,4,14
2554,4492,5,3,53
2555,8926,3,7,37
2556,9133,5,5,55
2557,2944,0,0,00
2558,5658,5,5,55
2559,1403,5,1,51
2560,109,3,4,34
2561,5123,8,4,84
2562,9645,6,1,61
2563,4804,7,0,70
2564,5386,7,9,79
2565,3804,7,0,70
2566,2290,3,7,37
2567,3828,7,4,74
2568,6414,0,5,05
2569,9684,5,7,57
2570,111,9,7,97
2571,3086,0,4,04
2572,1402,2,2,22
2573,2661,5,1,51
2574,4000,5,9,59
2575,781,3,8,38
2576,3305,1,0,10
2577,7881,7,1,71
2578,5944,7,2,72
2579,7455,8,8,88
2580,1313,6,4,64
2581,3580,5,7,57
2582,9507,9,9,99
2583,6643,3,0,30
2584,3466,8,8,88
2585,6074,9,2,92
2586,1523,5,8,58
2587,4553,3,9,39
2588,3585,7,7,77
2589,1995,9,0,90
2590,4719,1,1,11
2591,8297,7,8,78
2592,2532,0,6,06
2593,965,0,6,06
2594,2634,3,3,33
2595,6135,7,1,71
2596,249,2,2,22
2597,1224,5,2,52
2598,108,8,9,89
2599,499,1,6,16
2600,5533,8,7,87
2601,2991,6,3,63
2602,1262,2,2,22
2603,193,9,9,99
2604,12,5,9,59
2605,4962,7,2,72
2606,2518,5,5,55
2607,580,7,8,78
2608,1683,8,3,83
2609,1655,6,9,69
2610,1384,2,3,23
2611,434,5,9,59
2612,790,1,1,11
2613,2440,4,4,44
2614,1081,8,9,89
2615,5115,4,6,46
2616,7173,5,1,51
2617,8101,8,9,89
2618,3242,3,0,30
2619,2648,0,9,09
2620,6746,6,5,65
2621,3126,2,1,21
2622,7305,7,6,76
2623,5158,3,3,33
2624,3087,3,0,30
2625,9767,2,9,29
2626,3762,1,6,16
2627,8413,0,8,08
2628,3929,7,5,75
2629,8261,3,1,31
2630,8241,4,8,48
2631,6093,0,2,02
2632,1095,3,3,33
2633,4876,9,2,92
2634,913,3,9,39
2635,2428,2,6,26
2636,704,8,0,80
2637,1115,9,5,95
2638,4503,0,2,02
2639,4913,3,7,37
2640,5999,8,7,87
2641,8641,0,7,07
2642,5920,7,6,76
2643,7369,6,8,68
2644,7492,5,2,52
2645,4214,4,7,47
2646,5589,7,8,78
2647,694,3,5,35
2648,7966,9,7,97
2649,9289,0,5,05
2650,9371,8,4,84
2651,8667,6,8,68
2652,623,2,6,26
2653,1838,5,1,51
2654,7028,6,7,67
2655,1448,1,1,11
2656,7978,0,7,07
2657,2939,0,9,09
2658,3697,4,6,46
2659,9477,4,2,42
2660,9135,0,2,02
2661,6709,1,8,18
2662,7286,2,7,27
2663,5760,3,3,33
2664,9687,2,0,20
2665,6476,7,5,75
2666,4397,7,3,73
2667,3575,8,7,87
2668,3787,5,3,53
2669,6147,2,7,27
2670,2139,5,3,53
2671,9481,7,5,75
2672,6561,6,7,67
2673,9015,9,7,97
2674,4713,1,2,12
2675,7467,4,7,47
2676,8112,1,2,12
2677,3569,6,5,65
2678,2884,4,3,43
2679,2179,2,8,28
2680,6368,4,5,45
2681,3063,3,6,36
2682,5782,5,4,54
2683,4588,4,1,41
2684,231,3,3,33
2685,6814,9,6,96
2686,9063,5,3,53
2687,9074,0,4,04
2688,5212,1,3,13
2689,8221,5,0,50
2690,5935,3,3,33
2691,6284,8,4,84
2692,3029,9,4,94
2693,4144,1,1,11
2694,9150,9,8,98
2695,9042,7,8,78
2696,4090,9,0,90
2697,5917,5,1,51
2698,5804,5,3,53
2699,8843,2,8,28
2700,7816,7,6,76
2701,4326,4,2,42
2702,8571,6,5,65
2703,7159,0,6,06
2704,8190,1,7,17
2705,7831,1,3,13
2706,9011,1,3,13
2707,7823,0,8,08
2708,1558,4,0,40
2709,4632,4,2,42
2710,9607,7,6,76
2711,6747,6,9,69
2712,7943,3,0,30
2713,8888,0,6,06
2714,1802,0,2,02
2715,1605,4,3,43
2716,6521,3,2,32
2717,3952,0,5,05
2718,2291,6,5,65
2719,9369,1,2,12
2720,1242,9,4,94
2721,6176,6,4,64
2722,1390,1,0,10
2723,3503,3,9,39
2724,3114,8,4,84
2725,4918,1,9,19
2726,7911,2,1,21
2727,2659,5,4,54
2728,812,6,5,65
2729,4819,2,0,20
2730,4729,7,1,71
2731,2665,3,7,37
2732,5113,6,1,61
2733,625,0,6,06
2734,9950,1,1,11
2735,7580,9,9,99
2736,2970,7,5,75
2737,1728,6,1,61
2738,3165,6,9,69
2739,5716,8,2,82
2740,1935,9,7,97
2741,9395,2,1,21
2742,7594,9,9,99
2743,7856,5,1,51
2744,3445,8,0,80
2745,2934,3,9,39
2746,2729,1,2,12
2747,7820,0,0,00
2748,8860,0,3,03
2749,2775,7,5,75
2750,3776,6,5,65
2751,8246,6,3,63
2752,7101,2,4,24
2753,4379,1,4,14
2754,7620,6,3,63
2755,3618,9,9,99
2756,6188,3,7,37
2757,4065,1,0,10
2758,7343,8,6,86
2759,7634,6,9,69
2760,1689,9,2,92
2761,9519,0,0,00
2762,4013,6,1,61
2763,9337,0,5,05
2764,4437,0,3,03
2765,4864,0,1,01
2766,61,6,8,68
2767,3430,3,1,31
2768,8831,5,6,56
2769,7582,9,1,91
2770,546,3,0,30
2771,8177,4,6,46
2772,4967,5,9,59
2773,7385,5,0,50
2774,8318,8,2,82
2775,6105,5,7,57
2776,9308,3,3,33
2777,1593,0,6,06
2778,6719,4,0,40
2779,4957,0,0,00
2780,2292,2,9,29
2781,1099,9,6,96
2782,4838,6,6,66
2783,2182,8,1,81
2784,6656,2,9,29
2785,2855,3,5,35
2786,4500,1,9,19
2787,4178,2,1,21
2788,4202,1,5,15
2789,3405,1,4,14
2790,1305,5,1,51
2791,7780,6,0,60
2792,6454,9,0,90
2793,4484,8,6,86
2794,5600,0,7,07
2795,592,6,0,60
2796,3439,6,0,60
2797,815,5,3,53
2798,3512,5,0,50
2799,6117,3,0,30
2800,1924,8,4,84
2801,5438,6,8,68
2802,1457,2,0,20
2803,6786,1,0,10
2804,7876,4,2,42
2805,9561,5,3,53
2806,5206,4,5,45
2807,5382,3,3,33
2808,2550,7,8,78
2809,9909,8,7,87
2810,8939,5,3,53
2811,4071,0,4,04
2812,8146,9,9,99
2813,7106,3,9,39
2814,105,5,9,59
2815,3393,1,5,15
2816,7097,1,3,13
2817,5980,0,0,00
2818,6237,4,6,46
2819,5263,4,6,46
2820,6236,7,5,75
2821,5444,0,4,04
2822,3878,1,7,17
2823,9500,7,2,72
2824,7544,0,7,07
2825,6030,1,3,13
2826,1769,6,3,63
2827,8754,1,4,14
2828,2743,4,5,45
2829,718,5,8,58
2830,2747,6,0,60
2831,1131,6,5,65
2832,4599,5,6,56
2833,595,7,3,73
2834,452,8,2,82
2835,5933,4,1,41
2836,804,4,0,40
2837,8558,7,0,70
2838,8742,2,7,27
2839,8668,5,6,56
2840,9826,3,0,30
2841,3670,7,3,73
2842,2022,0,4,04
2843,6736,7,3,73
2844,1965,7,2,72
2845,7198,9,8,98
2846,1198,6,8,68
2847,1237,4,2,42
2848,6732,2,2,22
2849,8470,8,2,82
2850,4618,5,6,56
2851,6816,7,8,78
2852,2481,8,2,82
2853,2584,3,8,38
2854,3622,9,6,96
2855,2237,5,5,55
2856,9103,8,4,84
2857,9937,9,2,92
2858,7720,9,8,98
2859,7709,8,6,86
2860,4577,6,5,65
2861,7011,2,8,28
2862,5990,8,0,80
2863,4686,9,6,96
2864,3846,2,6,26
2865,360,3,4,34
2866,6310,6,1,61
2867,8426,1,9,19
2868,7253,1,1,11
2869,8028,8,9,89
2870,481,9,9,99
2871,8995,3,1,31
2872,4460,4,7,47
2873,3472,0,9,09
2874,2230,7,3,73
2875,6966,9,6,96
2876,5327,6,1,61
2877,8547,4,8,48
2878,6880,1,5,15
2879,2800,4,8,48
2880,693,1,8,18
2881,4506,3,2,32
2882,511,4,4,44
2883,3589,9,7,97
2884,6,3,4,34
2885,3745,1,1,11
2886,2856,4,8,48
2887,6398,7,0,70
2888,2683,7,4,74
2889,6655,4,9,49
2890,1573,7,8,78
2891,6282,2,5,25
2892,8751,9,9,99
2893,1387,3,6,36
2894,3468,0,5,05
2895,4541,8,3,83
2896,8079,8,2,82
2897,1822,8,6,86
2898,4946,4,4,44
2899,4611,0,0,00
2900,18,4,3,43
2901,6505,4,9,49
2902,5768,1,6,16
2903,9808,5,9,59
2904,3716,2,9,29
2905,9609,8,8,88
2906,6470,3,0,30
2907,1958,4,4,44
2908,7114,9,8,98
2909,4254,5,5,55
2910,5485,2,7,27
2911,8942,8,8,88
2912,3319,1,8,18
2913,9568,5,6,56
2914,1212,3,6,36
2915,9173,7,8,78
2916,8805,9,7,97
2917,2042,4,0,40
2918,2030,2,5,25
2919,9530,5,9,59
2920,5253,6,0,60
2921,8024,3,6,36
2922,6717,5,6,56
2923,7735,9,8,98
2924,1994,3,1,31
2925,2870,5,9,59
2926,4473,9,0,90
2927,9405,3,0,30
2928,4891,1,0,10
2929,3088,9,6,96
2930,4898,5,6,56
2931,5006,3,0,30
2932,630,0,9,09
2933,9065,6,5,65
2934,1054,9,1,91
2935,2501,8,3,83
2936,8333,4,6,46
2937,8184,0,9,09
2938,2339,4,5,45
2939,2450,9,3,93
2940,160,2,4,24
2941,2867,9,1,91
2942,1014,0,6,06
2943,9488,1,0,10
2944,4269,0,4,04
2945,4846,3,9,39
2946,1943,1,6,16
2947,9719,6,5,65
2948,3421,5,1,51
2949,4283,8,9,89
2950,4527,1,0,10
2951,6361,5,7,57
2952,5521,3,2,32
2953,4531,3,0,30
2954,4897,0,6,06
2955,8879,3,4,34
2956,4884,5,9,59
2957,319,5,5,55
2958,1858,9,6,96
2959,7808,2,5,25
2960,444,8,2,82
2961,1345,7,2,72
2962,4609,0,4,04
2963,365,4,0,40
2964,6633,9,0,90
2965,7019,1,1,11
2966,2264,9,4,94
2967,6547,7,4,74
2968,3795,7,3,73
2969,9450,5,8,58
2970,8996,5,6,56
2971,6245,2,8,28
2972,7532,0,6,06
2973,9785,9,9,99
2974,5163,1,8,18
2975,9088,8,8,88
2976,7888,6,5,65
2977,513,2,2,22
2978,7024,3,3,33
2979,3437,9,4,94
2980,7205,6,2,62
2981,80,2,7,27
2982,5451,1,5,15
2983,5247,9,9,99
2984,2010,1,1,11
2985,8964,3,5,35
2986,6333,5,5,55
2987,1422,5,4,54
2988,6821,0,3,03
2989,2057,3,6,36
2990,7826,8,5,85
2991,897,3,5,35
2992,680,3,6,36
2993,340,7,5,75
2994,857,6,5,65
2995,4145,6,8,68
2996,4333,0,9,09
2997,567,1,0,10
2998,6216,4,5,45
2999,5965,0,0,00
3000,5539,6,6,66
3001,8923,9,2,92
3002,4432,8,0,80
3003,9047,1,4,14
3004,5775,2,8,28
3005,1129,9,1,91
3006,3606,9,1,91
3007,7914,5,6,56
3008,3266,9,0,90
3009,5300,7,8,78
3010,8486,3,8,38
3011,7953,7,0,70
3012,4892,8,5,85
3013,4989,0,9,09
3014,1830,1,1,11
3015,7566,3,0,30
3016,6968,0,0,00
3017,9329,4,5,45
3018,3309,6,7,67
3019,4235,1,9,19
3020,7074,0,2,02
3021,7693,2,0,20
3022,9852,5,7,57
3023,2850,8,5,85
3024,2528,4,9,49
3025,8007,4,0,40
3026,8825,1,7,17
3027,1309,1,9,19
3028,2851,5,7,57
3029,7929,4,6,46
3030,4981,6,2,62
3031,4796,6,3,63
3032,9988,0,5,05
3033,6424,6,0,60
3034,8757,9,4,94
3035,103,2,4,24
3036,926,6,2,62
3037,3834,2,3,23
3038,9688,7,0,70
3039,3999,1,9,19
3040,617,7,7,77
3041,1651,9,8,98
3042,9762,4,3,43
3043,7602,0,5,05
3044,8587,0,0,00
3045,4793,3,7,37
3046,5893,8,1,81
3047,1978,2,4,24
3048,7874,2,9,29
3049,3049,3,3,33
3050,5923,1,4,14
3051,460,6,5,65
3052,4160,0,6,06
3053,1514,5,2,52
3054,8446,7,6,76
3055,2845,7,9,79
3056,1564,9,7,97
3057,8838,2,2,22
3058,9781,6,7,67
3059,658,7,7,77
3060,5882,9,3,93
3061,9312,7,6,76
3062,5408,8,3,83
3063,7094,6,8,68
3064,5432,8,5,85
3065,3784,8,1,81
3066,7536,4,0,40
3067,9653,6,1,61
3068,2048,8,7,87
3069,9221,4,0,40
3070,6512,1,9,19
3071,207,2,5,25
3072,7291,8,2,82
3073,2656,1,0,10
3074,5586,3,8,38
3075,2375,9,4,94
3076,629,4,2,42
3077,9857,0,8,08
3078,2487,3,5,35
3079,8248,7,7,77
3080,6954,3,7,37
3081,7927,2,7,27
3082,2507,3,7,37
3083,3698,3,0,30
3084,8441,7,6,76
3085,4874,3,9,39
3086,339,4,6,46
3087,9564,0,8,08
3088,5227,6,1,61
3089,4761,2,9,29
3090,55,0,0,00
3091,1743,8,9,89
3092,6574,1,2,12
3093,1278,5,3,53
3094,9884,3,7,37
3095,7364,5,2,52
3096,5950,4,8,48
3097,3231,1,1,11
3098,5806,7,0,70
3099,7187,1,5,15
3100,2036,5,7,57
3101,5881,7,8,78
3102,1393,5,5,55
3103,6842,7,6,76
3104,669,3,3,33
3105,2102,2,8,28
3106,1804,2,3,23
3107,3107,7,7,77
3108,9987,3,4,34
3109,5259,7,0,70
3110,5324,3,7,37
3111,3571,7,4,74
3112,6587,8,8,88
3113,7918,5,5,55
3114,3040,4,7,47
3115,3653,5,4,54
3116,4110,2,1,21
3117,8706,5,3,53
3118,7137,6,4,64
3119,2149,5,8,58
3120,3197,3,8,38
3121,9285,6,7,67
3122,3602,7,6,76
3123,886,4,6,46
3124,7413,1,4,14
3125,712,7,4,74
3126,9167,1,0,10
3127,3876,5,2,52
3128,7733,2,6,26
3129,188,3,0,30
3130,4488,6,6,66
3131,8730,3,0,30
3132,916,1,4,14
3133,9400,4,5,45
3134,8852,2,6,26
3135,1159,6,4,64
3136,7371,7,8,78
3137,8779,4,6,46
3138,4961,3,2,32
3139,8379,8,3,83
3140,8527,0,4,04
3141,7072,6,0,60
3142,7775,2,4,24
3143,1442,1,3,13
3144,1293,6,6,66
3145,6581,5,2,52
3146,5446,3,3,33
3147,3632,9,7,97
3148,676,1,7,17
3149,8056,9,0,90
3150,8948,3,5,35
3151,8002,2,9,29
3152,3732,1,8,18
3153,2155,8,0,80
3154,8586,4,1,41
3155,6649,4,8,48
3156,5972,6,5,65
3157,5384,5,1,51
3158,8855,8,5,85
3159,7139,6,0,60
3160,9153,9,9,99
3161,5512,7,7,77
3162,8424,7,2,72
3163,1686,8,8,88
3164,4902,6,5,65
3165,2783,9,8,98
3166,330,7,1,71
3167,2549,3,3,33
3168,2269,9,2,92
3169,6228,4,9,49
3170,9338,0,5,05
3171,3654,5,5,55
3172,5182,4,9,49
3173,6234,6,2,62
3174,6336,4,8,48
3175,1137,1,1,11
3176,1583,2,8,28
3177,806,3,8,38
3178,4832,0,6,06
3179,9789,0,4,04
3180,3637,2,7,27
3181,2061,6,0,60
3182,8732,6,6,66
3183,3260,5,2,52
3184,3909,7,2,72
3185,5856,0,9,09
3186,5296,8,6,86
3187,0,6,7,67
3188,1717,4,8,48
3189,455,7,1,71
3190,4942,9,5,95
3191,6903,0,9,09
3192,4976,7,4,74
3193,7754,3,7,37
3194,1183,4,9,49
3195,3039,2,1,21
3196,2849,1,8,18
3197,6539,8,7,87
3198,1996,8,6,86
3199,1654,5,2,52
3200,5292,9,2,92
3201,9831,2,5,25
3202,3145,7,5,75
3203,7948,1,5,15
3204,8777,8,3,83
3205,1779,8,3,83
3206,5686,8,0,80
3207,3806,2,5,25
3208,5561,7,4,74
3209,988,6,1,61
3210,6165,0,5,05
3211,8845,1,0,10
3212,5702,2,6,26
3213,3860,7,5,75
3214,5928,1,6,16
3215,9620,0,9,09
3216,7249,8,2,82
3217,6155,3,5,35
3218,7273,6,4,64
3219,1591,0,3,03
3220,3814,5,5,55
3221,7053,3,1,31
3222,7233,6,3,63
3223,9124,2,1,21
3224,6371,8,3,83
3225,562,7,9,79
3226,5328,0,3,03
3227,8679,1,8,18
3228,9875,4,8,48
3229,910,2,4,24
3230,5196,1,5,15
3231,8236,1,8,18
3232,5911,4,8,48
3233,2257,4,9,49
3234,9178,4,6,46
3235,344,4,8,48
3236,4848,7,2,72
3237,3455,1,1,11
3238,594,6,6,66
3239,7951,2,8,28
3240,4448,9,0,90
3241,3797,9,5,95
3242,6891,0,1,01
3243,3159,0,6,06
3244,3428,1,6,16
3245,2581,8,5,85
3246,9279,8,7,87
3247,7118,4,9,49
3248,8071,3,4,34
3249,3406,4,8,48
3250,13,2,0,20
3251,4926,0,6,06
3252,7727,6,0,60
3253,3541,1,4,14
3254,5020,6,5,65
3255,7867,1,9,19
3256,3573,2,7,27
3257,7762,2,2,22
3258,6537,2,5,25
3259,1027,1,1,11
3260,7295,2,6,26
3261,6354,3,6,36
3262,5842,7,4,74
3263,1139,8,1,81
3264,2417,1,0,10
3265,3840,0,9,09
3266,9355,0,6,06
3267,2572,2,2,22
3268,5908,1,9,19
3269,1516,6,4,64
3270,6484,6,1,61
3271,6068,0,6,06
3272,9374,1,7,17
3273,8640,6,9,69
3274,8794,2,2,22
3275,4251,5,8,58
3276,5295,1,5,15
3277,7700,7,9,79
3278,5050,4,9,49
3279,565,8,4,84
3280,8680,2,9,29
3281,1672,1,5,15
3282,8389,4,0,40
3283,678,3,9,39
3284,845,8,0,80
3285,8812,3,4,34
3286,6325,9,6,96
3287,9606,9,5,95
3288,9156,4,3,43
3289,1777,8,0,80
3290,3822,3,6,36
3291,3923,4,6,46
3292,5307,7,0,70
3293,6055,2,9,29
3294,132,7,5,75
3295,5100,5,9,59
3296,5909,7,6,76
3297,6360,0,7,07
3298,7752,4,5,45
3299,177,3,8,38
3300,6700,3,4,34
3301,8606,2,7,27
3302,2327,6,2,62
3303,9942,7,3,73
3304,3848,6,7,67
3305,7610,0,3,03
3306,24,0,4,04
3307,5081,6,1,61
3308,6827,7,9,79
3309,9844,7,1,71
3310,7879,0,4,04
3311,9370,5,3,53
3312,1740,5,8,58
3313,6533,8,1,81
3314,5109,1,0,10
3315,782,0,3,03
3316,6463,7,6,76
3317,5869,0,9,09
3318,7907,2,0,20
3319,7401,8,3,83
3320,7281,1,2,12
3321,6567,5,0,50
3322,995,0,2,02
3323,7460,8,7,87
3324,4606,8,1,81
3325,1941,0,7,07
3326,8698,3,7,37
3327,9903,2,1,21
3328,8008,7,7,77
3329,7964,7,9,79
3330,9870,2,5,25
3331,9588,6,5,65
3332,380,4,0,40
3333,1911,7,5,75
3334,9719,5,5,55
3335,4300,5,5,55
3336,8905,5,1,51
3337,4815,2,7,27
3338,2449,9,0,90
3339,3378,2,7,27
3340,8707,8,2,82
3341,5454,4,3,43
3342,2512,6,8,68
3343,220,8,7,87
3344,9025,6,1,61
3345,4647,5,3,53
3346,520,0,8,08
3347,4936,0,7,07
3348,3509,8,8,88
3349,4780,7,0,70
3350,7355,6,7,67
3351,9871,1,4,14
3352,5448,7,4,74
3353,5144,1,9,19
3354,7356,1,7,17
3355,9290,2,5,25
3356,9588,7,5,75
3357,8766,4,3,43
3358,5815,0,3,03
3359,2452,0,5,05
3360,2298,7,8,78
3361,622,7,4,74
3362,9114,6,5,65
3363,7724,3,2,32
3364,6413,8,3,83
3365,4980,6,6,66
3366,6686,4,8,48
3367,1325,2,8,28
3368,6346,0,7,07
3369,7858,9,3,93
3370,5665,4,6,46
3371,8161,0,2,02
3372,1550,5,5,55
3373,8282,7,7,77
3374,7687,8,2,82
3375,5996,2,9,29
3376,1533,7,0,70
3377,3119,4,5,45
3378,2684,7,3,73
3379,4409,1,1,11
3380,5223,1,5,15
3381,5827,3,0,30
3382,1843,6,0,60
3383,5612,6,9,69
3384,9044,2,7,27
3385,3798,9,9,99
3386,8351,1,0,10
3387,77,9,2,92
3388,5664,4,4,44
3389,297,8,0,80
3390,5587,3,9,39
3391,9970,6,5,65
3392,5853,9,6,96
3393,5363,5,7,57
3394,7827,9,9,99
3395,3361,6,7,67
3396,2544,2,9,29
3397,8234,4,7,47
3398,2265,6,4,64
3399,9380,7,3,73
3400,3554,7,6,76
3401,5173,0,8,08
3402,8125,6,8,68
3403,2356,6,1,61
3404,8747,9,5,95
3405,9272,4,9,49
3406,8632,8,5,85
3407,6223,3,7,37
3408,930,5,7,57
3409,9457,3,0,30
3410,8160,4,5,45
3411,6929,9,2,92
3412,6415,0,5,05
3413,6711,0,0,00
3414,327,5,0,50
3415,8967,2,6,26
3416,4701,5,9,59
3417,9079,0,9,09
3418,3240,7,9,79
3419,2682,1,5,15
3420,919,1,2,12
3421,3768,1,0,10
3422,8338,6,0,60
3423,9346,7,2,72
3424,5091,6,1,61
3425,4470,7,0,70
3426,441,9,0,90
3427,2357,6,1,61
3428,3553,6,9,69
3429,7887,4,0,40
3430,3955,1,5,15
3431,8018,4,6,46
3432,8697,3,6,36
3433,4741,1,0,10
3434,9630,1,8,18
3435,3453,2,7,27
3436,4105,2,1,21
3437,2839,4,5,45
3438,1568,1,8,18
3439,305,0,0,00
3440,1821,8,9,89
3441,5002,7,9,79
3442,5183,6,8,68
3443,3758,3,4,34
3444,6948,4,1,41
3445,1708,0,0,00
3446,2135,0,6,06
3447,6511,6,3,63
3448,2570,3,9,39
3449,5649,3,7,37
3450,9158,0,0,00
3451,233,7,8,78
3452,3423,1,7,17
3453,7930,7,2,72
3454,4221,1,4,14
3455,126,1,0,10
3456,8951,3,0,30
3457,4497,1,8,18
3458,9378,0,1,01
3459,3562,9,1,91
3460,2196,9,9,99
3461,538,7,8,78
3462,8759,5,8,58
3463,5003,4,8,48
3464,4250,1,2,12
3465,2715,4,4,44
3466,6162,8,1,81
3467,7313,9,8,98
3468,1302,5,1,51
3469,5033,3,0,30
3470,1364,5,8,58
3471,9349,1,5,15
3472,3947,9,3,93
3473,3945,8,2,82
3474,4381,2,5,25
3475,2385,3,0,30
3476,190,3,1,31
3477,800,9,8,98
3478,9245,9,9,99
3479,9205,0,8,08
3480,3923,1,6,16
3481,3358,0,0,00
3482,7465,2,0,20
3483,3056,9,9,99
3484,8416,3,4,34
3485,3548,9,3,93
3486,5289,3,9,39
3487,5207,3,5,35
3488,4035,6,1,61
3489,9086,2,6,26
3490,2215,4,6,46
3491,6378,9,4,94
3492,9252,8,9,89
3493,1155,3,2,32
3494,79,7,7,77
3495,653,4,2,42
3496,6898,0,8,08
3497,6406,4,6,46
3498,2830,7,6,76
3499,4419,8,8,88
3500,3223,4,2,42
3501,5230,9,6,96
3502,276,8,1,81
3503,3267,9,2,92
3504,346,9,0,90
3505,4493,7,7,77
3506,7136,5,9,59
3507,8055,9,0,90
3508,6451,2,9,29
3509,642,8,0,80
3510,9797,2,3,23
3511,2021,2,5,25
3512,149,0,2,02
3513,1035,2,6,26
3514,8369,2,4,24
3515,75,3,7,37
3516,8394,8,2,82
3517,3228,4,4,44
3518,3338,6,9,69
3519,5151,8,4,84
3520,7457,6,2,62
3521,2373,8,4,84
3522,8217,2,8,28
3523,1667,4,1,41
3524,559,6,6,66
3525,9667,7,8,78
3526,7331,9,6,96
3527,3775,3,2,32
3528,3763,3,5,35
3529,6714,9,3,93
3530,8918,4,7,47
3531,860,3,6,36
3532,9833,1,6,16
3533,5126,4,4,44
3534,4146,4,0,40
3535,1853,7,9,79
3536,8646,0,2,02
3537,3417,5,0,50
3538,3540,9,0,90
3539,3507,6,9,69
3540,9013,0,5,05
3541,3076,4,4,44
3542,1912,4,8,48
3543,2489,4,4,44
3544,9978,4,1,41
3545,2938,6,4,64
3546,4444,1,9,19
3547,686,2,3,23
3548,666,3,7,37
3549,4153,3,1,31
3550,5116,6,6,66
3551,2180,4,5,45
3552,2503,5,2,52
3553,7068,9,6,96
3554,3139,6,8,68
3555,7047,8,4,84
3556,9448,5,7,57
3557,6399,6,6,66
3558,934,5,5,55
3559,392,8,6,86
3560,3003,6,1,61
3561,8861,4,4,44
3562,7791,1,0,10
3563,8053,8,9,89
3564,1348,6,2,62
3565,7280,5,1,51
3566,439,2,6,26
3567,9754,8,5,85
3568,6819,4,1,41
3569,756,5,7,57
3570,9768,5,2,52
3571,8601,4,5,45
3572,9437,7,6,76
3573,5210,7,9,79
3574,2479,0,0,00
3575,5304,7,6,76
3576,2677,8,6,86
3577,9628,2,7,27
3578,9012,2,4,24
3579,7153,3,4,34
3580,6860,7,5,75
3581,3502,0,8,08
3582,8291,1,6,16
3583,7765,8,8,88
3584,1245,0,2,02
3585,9480,7,2,72
3586,3709,1,9,19
3587,6145,9,8,98
3588,5584,8,0,80
3589,8094,7,2,72
3590,1122,5,7,57
3591,3172,5,4,54
3592,23,9,5,95
3593,3563,1,8,18
3594,448,7,9,79
3595,1553,5,9,59
3596,7219,4,7,47
3597,426,9,9,99
3598,7674,1,3,13
3599,2431,2,3,23
3600,3858,2,1,21
3601,8218,1,7,17
3602,7556,6,1,61
3603,5633,6,5,65
3604,9854,7,8,78
3605,7279,1,0,10
3606,4809,1,5,15
3607,2587,4,3,43
3608,5189,0,2,02
3609,9956,7,1,71
3610,9421,4,2,42
3611,2355,2,1,21
3612,3442,4,6,46
3613,9266,0,2,02
3614,4520,6,5,65
3615,9864,4,7,47
3616,3850,7,9,79
3617,4866,6,4,64
3618,6519,9,2,92
3619,5172,5,7,57
3620,2770,3,3,33
3621,1984,4,2,42
3622,3837,6,5,65
3623,6341,5,5,55
3624,1520,0,7,07
3625,1361,1,7,17
3626,6610,8,9,89
3627,42,8,4,84
3628,9142,2,9,29
3629,257,8,8,88
3630,1213,3,1,31
3631,4568,5,7,57
3632,9187,7,8,78
3633,4348,8,0,80
3634,490,0,0,00
3635,1693,8,5,85
3636,2123,5,7,57
3637,6563,7,3,73
3638,6507,1,9,19
3639,488,1,9,19
3640,3033,0,6,06
3641,6021,1,4,14
3642,8493,3,1,31
3643,3871,7,8,78
3644,3940,8,0,80
3645,9839,5,2,52
3646,8157,0,8,08
3647,2999,7,0,70
3648,9036,1,7,17
3649,6246,1,2,12
3650,7894,0,2,02
3651,60,1,7,17
3652,6418,1,2,12
3653,724,4,6,46
3654,8158,5,5,55
3655,1788,2,9,29
3656,6101,7,1,71
3657,4336,6,6,66
3658,1261,2,0,20
3659,4215,3,7,37
3660,2441,0,3,03
3661,1208,2,3,23
3662,8873,8,1,81
3663,4347,5,6,56
3664,6143,9,4,94
3665,6887,6,9,69
3666,4323,9,5,95
3667,7163,7,2,72
3668,4442,2,2,22
3669,6735,1,8,18
3670,5157,3,2,32
3671,3596,6,4,64
3672,877,4,8,48
3673,2719,1,1,11
3674,5424,8,9,89
3675,4295,2,7,27
3676,3817,4,2,42
3677,1551,0,2,02
3678,3920,5,7,57
3679,7224,1,9,19
3680,5383,0,6,06
3681,7029,2,5,25
3682,1202,2,8,28
3683,4060,6,4,64
3684,7469,4,2,42
3685,6191,4,0,40
3686,8870,3,2,32
3687,4438,9,4,94
3688,684,6,7,67
3689,1026,1,8,18
3690,3706,6,0,60
3691,5461,5,1,51
3692,9514,7,6,76
3693,6970,9,0,90
3694,6206,2,5,25
3695,3831,0,9,09
3696,5637,2,1,21
3697,9928,6,4,64
3698,2903,0,5,05
3699,3325,1,0,10
3700,9673,4,8,48
3701,3021,3,2,32
3702,4889,5,2,52
3703,1735,2,4,24
3704,8914,8,1,81
3705,8761,8,5,85
3706,4886,0,7,07
3707,3098,8,7,87
3708,7789,8,2,82
3709,9122,9,6,96
3710,5377,0,9,09
3711,8982,9,5,95
3712,3248,6,3,63
3713,7458,7,3,73
3714,7832,6,1,61
3715,17,3,7,37
3716,707,9,4,94
3717,1739,3,0,30
3718,7169,4,4,44
3719,2096,7,0,70
3720,9821,7,3,73
3721,6311,7,2,72
3722,4365,4,0,40
3723,9125,9,3,93
3724,9652,0,7,07
3725,3827,6,6,66
3726,287,4,4,44
3727,5819,8,6,86
3728,8434,4,4,44
3729,4698,2,6,26
3730,4077,7,1,71
3731,7006,2,3,23
3732,1940,8,5,85
3733,556,1,4,14
3734,3324,0,8,08
3735,4569,0,5,05
3736,4746,7,7,77
3737,3396,8,2,82
3738,2071,3,1,31
3739,5558,3,6,36
3740,8034,3,5,35
3741,4810,1,5,15
3742,5771,3,8,38
3743,5872,7,1,71
3744,5032,6,4,64
3745,3,1,0,10
3746,799,3,2,32
3747,8078,1,1,11
3748,758,6,9,69
3749,9880,6,2,62
3750,9003,5,1,51
3751,6088,7,6,76
3752,868,4,2,42
3753,2181,7,9,79
3754,3764,5,0,50
3755,9504,9,6,96
3756,5912,5,3,53
3757,5360,8,8,88
3758,6705,4,4,44
3759,1022,9,5,95
3760,748,9,4,94
3761,6923,1,0,10
3762,5359,6,3,63
3763,8671,5,0,50
3764,8544,0,2,02
3765,4850,1,8,18
3766,8620,3,7,37
3767,5632,7,5,75
3768,7629,0,4,04
3769,2697,3,5,35
3770,5689,4,1,41
3771,766,8,5,85
3772,294,2,0,20
3773,1874,2,5,25
3774,5279,0,9,09
3775,3708,2,8,28
3776,1645,5,9,59
3777,8997,1,6,16
3778,1992,5,9,59
3779,1502,1,8,18
3780,3136,4,7,47
3781,8738,8,0,80
3782,2989,8,3,83
3783,6194,9,3,93
3784,5450,1,0,10
3785,1891,2,2,22
3786,4431,1,4,14
3787,7940,3,7,37
3788,7456,5,4,54
3789,8933,1,9,19
3790,8642,0,9,09
3791,7821,9,3,93
3792,5016,4,8,48
3793,6600,4,5,45
3794,2843,8,7,87
3795,7310,3,6,36
3796,6882,2,3,23
3797,7715,5,5,55
3798,5267,9,2,92
3799,8445,7,5,75
3800,2861,6,2,62
3801,214,6,9,69
3802,932,2,0,20
3803,8492,0,2,02
3804,8354,0,3,03
3805,2523,0,7,07
3806,3296,5,7,57
3807,2198,8,2,82
3808,6845,7,7,77
3809,1615,1,3,13
3810,8308,5,3,53
3811,222,2,2,22
3812,1157,3,4,34
3813,9121,8,1,81
3814,4321,5,9,59
3815,6410,1,8,18
3816,8119,8,2,82
3817,6931,2,4,24
3818,7908,0,7,07
3819,1093,4,8,48
3820,1174,9,2,92
3821,3779,9,1,91
3822,3524,6,6,66
3823,7703,2,0,20
3824,8820,3,2,32
3825,3432,3,3,33
3826,5465,5,7,57
3827,9559,6,3,63
3828,9216,4,9,49
3829,636,8,7,87
3830,8935,0,9,09
3831,5216,9,2,92
3832,668,2,4,24
3833,9066,8,6,86
3834,5644,3,8,38
3835,6957,6,3,63
3836,8835,7,5,75
3837,8898,5,4,54
3838,7785,7,2,72
3839,3426,2,9,29
3840,8189,9,4,94
3841,5368,4,0,40
3842,3680,9,0,90
3843,4743,1,8,18
3844,4830,2,5,25
3845,2844,8,7,87
3846,3268,6,1,61
3847,7336,0,9,09
3848,5429,7,9,79
3849,3737,0,8,08
3850,9412,9,4,94
3851,5106,1,9,19
3852,7100,1,2,12
3853,6603,6,8,68
3854,3146,7,3,73
3855,9045,5,7,57
3856,5638,9,3,93
3857,6568,9,9,99
3858,7085,1,4,14
3859,8467,9,9,99
3860,2330,5,4,54
3861,3913,9,2,92
3862,855,2,3,23
3863,8729,5,1,51
3864,9022,0,3,03
3865,572,4,8,48
3866,6952,1,5,15
3867,3931,0,6,06
3868,4248,8,2,82
3869,8266,9,8,98
3870,6376,0,9,09
3871,1377,8,6,86
3872,2619,9,0,90
3873,5257,8,0,80
3874,1621,9,0,90
3875,385,4,1,41
3876,3672,2,4,24
3877,7535,5,9,59
3878,4476,7,2,72
3879,6426,9,0,90
3880,6741,8,7,87
3881,9018,9,2,92
3882,585,8,7,87
3883,7483,0,2,02
3884,3301,9,2,92
3885,5243,9,0,90
3886,9934,6,8,68
3887,1541,8,8,88
3888,3005,9,9,99
3889,967,9,1,91
3890,279,5,1,51
3891,4278,9,0,90
3892,5411,8,6,86
3893,5273,5,3,53
3894,7202,1,0,10
3895,8063,0,6,06
3896,9778,3,6,36
3897,6935,3,8,38
3898,1323,5,4,54
3899,7578,2,5,25
3900,6815,1,7,17
3901,5764,6,3,63
3902,1252,5,5,55
3903,7142,0,5,05
3904,9553,2,9,29
3905,258,8,2,82
3906,4152,1,5,15
3907,869,5,5,55
3908,2739,6,8,68
3909,295,2,4,24
3910,4636,3,2,32
3911,1537,0,6,06
3912,4454,2,9,29
3913,6220,2,4,24
3914,4313,6,4,64
3915,4659,4,9,49
3916,8818,3,0,30
3917,6280,5,0,50
3918,1204,5,3,53
3919,3568,1,4,14
3920,831,7,1,71
3921,7348,2,2,22
3922,9673,1,8,18
3923,6025,6,4,64
3924,6017,9,7,97
3925,165,1,5,15
3926,2332,9,7,97
3927,8376,9,1,91
3928,78,5,9,59
3929,7503,5,6,56
3930,4616,1,9,19
3931,4310,6,5,65
3932,2531,2,0,20
3933,2865,2,3,23
3934,66,8,6,86
3935,834,6,6,66
3936,4435,7,3,73
3937,2588,1,7,17
3938,288,4,1,41
3939,2162,6,5,65
3940,4783,0,4,04
3941,9248,4,7,47
3942,6447,0,3,03
3943,6252,3,6,36
3944,252,3,9,39
3945,8228,2,0,20
3946,3812,2,3,23
3947,8628,3,6,36
3948,4732,6,1,61
3949,2919,8,5,85
3950,4627,9,6,96
3951,9803,8,2,82
3952,5884,5,6,56
3953,1136,3,1,31
3954,999,8,9,89
3955,577,5,3,53
3956,4129,4,9,49
3957,3971,5,4,54
3958,4645,2,5,25
3959,8004,0,1,01
3960,3744,5,6,56
3961,785,6,5,65
3962,352,3,5,35
3963,1353,2,8,28
3964,6833,8,0,80
3965,1856,3,3,33
3966,1906,9,9,99
3967,8295,9,2,92
3968,2125,5,5,55
3969,3699,7,1,71
3970,3454,9,1,91
3971,3987,4,8,48
3972,5431,6,1,61
3973,8346,7,3,73
3974,7625,1,0,10
3975,4731,3,8,38
3976,4501,7,3,73
3977,1495,3,3,33
3978,2461,6,0,60
3979,3477,6,9,69
3980,3703,0,2,02
3981,9709,9,5,95
3982,3409,0,3,03
3983,8533,1,3,13
3984,8293,9,3,93
3985,4257,9,9,99
3986,4378,2,5,25
3987,8017,8,9,89
3988,8215,8,3,83
3989,8687,0,6,06
3990,2529,1,1,11
3991,8386,6,5,65
3992,2713,9,0,90
3993,3727,7,8,78
3994,4425,5,9,59
3995,6014,3,2,32
3996,9180,4,1,41
3997,9597,7,2,72
3998,7552,4,8,48
3999,4193,9,6,96
4000,8813,9,5,95
4001,4539,4,7,47
4002,5723,3,2,32
4003,4182,6,9,69
4004,1783,3,7,37
4005,9796,1,1,11
4006,5430,1,0,10
4007,3862,7,2,72
4008,8673,6,2,62
4009,7708,9,1,91
4010,9376,1,9,19
4011,3162,8,7,87
4012,1623,4,0,40
4013,7949,1,6,16
4014,4605,1,3,13
4015,146,9,8,98
4016,4829,9,8,98
4017,2131,4,6,46
4018,7632,3,7,37
4019,3079,6,7,67
4020,1844,8,1,81
4021,298,1,2,12
4022,6351,6,0,60
4023,1211,0,1,01
4024,9640,4,7,47
4025,129,1,5,15
4026,5715,3,6,36
4027,6984,7,9,79
4028,4151,7,7,77
4029,7808,4,5,45
4030,9202,9,3,93
4031,6264,5,0,50
4032,4522,1,7,17
4033,6774,0,6,06
4034,3282,0,4,04
4035,1464,1,8,18
4036,9711,1,7,17
4037,7319,6,1,61
4038,8095,2,4,24
4039,7547,1,6,16
4040,8037,9,8,98
4041,3881,8,9,89
4042,2664,4,2,42
4043,5250,0,2,02
4044,4575,3,4,34
4045,3133,6,4,64
4046,2240,4,7,47
4047,6390,9,5,95
4048,232,0,8,08
4049,8159,7,1,71
4050,2594,1,3,13
4051,7340,6,1,61
4052,3626,5,8,58
4053,95,7,4,74
4054,4685,5,1,51
4055,9299,2,9,29
4056,8029,5,0,50
4057,6172,1,9,19
4058,9046,8,2,82
4059,1190,5,5,55
4060,8340,4,1,41
4061,69,7,0,70
4062,1342,0,4,04
4063,8507,6,5,65
4064,3747,7,1,71
4065,5583,0,3,03
4066,8048,2,1,21
4067,2313,5,9,59
4068,7682,8,9,89
4069,8593,1,9,19
4070,1076,0,2,02
4071,3633,4,8,48
4072,3329,5,7,57
4073,8162,7,3,73
4074,7967,1,0,10
4075,5747,8,3,83
4076,284,5,9,59
4077,4833,1,3,13
4078,1199,9,6,96
4079,2808,0,7,07
4080,5568,0,6,06
4081,8525,6,7,67
4082,9485,0,1,01
4083,5572,7,5,75
4084,480,3,1,31
4085,8311,1,6,16
4086,3206,8,8,88
4087,2056,3,8,38
4088,7375,9,7,97
4089,958,7,3,73
4090,3910,0,3,03
4091,8645,0,5,05
4092,3010,8,3,83
4093,1839,9,2,92
4094,6229,5,6,56
4095,6575,9,3,93
4096,4335,8,3,83
4097,775,3,2,32
4098,219,2,5,25
4099,9071,7,1,71
4100,3714,2,6,26
4101,7702,9,0,90
4102,3369,7,9,79
4103,3380,2,1,21
4104,8113,1,1,11
4105,4302,1,5,15
4106,4113,3,2,32
4107,9765,7,7,77
4108,1749,5,2,52
4109,587,3,6,36
4110,6431,1,2,12
4111,8240,9,6,96
4112,7939,8,6,86
4113,9055,2,8,28
4114,8859,2,0,20
4115,7617,2,0,20
4116,6776,8,8,88
4117,6976,8,1,81
4118,3480,5,1,51
4119,224,7,1,71
4120,3956,3,4,34
4121,7210,8,6,86
4122,5374,9,5,95
4123,5122,8,7,87
4124,1681,8,3,83
4125,1248,6,8,68
4126,7446,8,0,80
4127,736,2,4,24
4128,4809,3,5,35
4129,2899,9,0,90
4130,4608,7,8,78
4131,1110,5,7,57
4132,8036,6,2,62
4133,3855,2,5,25
4134,268,9,8,98
4135,8713,2,3,23
4136,4421,8,4,84
4137,5799,8,2,82
4138,8039,1,4,14
4139,6596,6,6,66
4140,6531,8,6,86
4141,6012,8,1,81
4142,2832,7,5,75
4143,4899,9,2,92
4144,4048,1,0,10
4145,5192,8,2,82
4146,7464,0,9,09
4147,6166,1,9,19
4148,1437,7,4,74
4149,4919,2,9,29
4150,5339,0,5,05
4151,3620,7,3,73
4152,1156,5,7,57
4153,437,1,3,13
4154,8516,9,6,96
4155,1525,0,5,05
4156,7600,2,1,21
4157,2410,0,0,00
4158,5090,9,1,91
4159,2798,8,5,85
4160,7188,6,6,66
4161,1908,2,6,26
4162,8448,3,0,30
4163,5007,9,6,96
4164,5233,3,9,39
4165,2781,8,9,89
4166,2712,0,3,03
4167,2955,2,3,23
4168,8512,1,7,17
4169,5275,1,5,15
4170,9811,1,2,12
4171,7184,1,2,12
4172,6624,4,3,43
4173,3201,2,2,22
4174,8193,9,4,94
4175,9995,7,2,72
4176,1074,2,8,28
4177,9782,5,6,56
4178,1381,1,2,12
4179,9804,1,3,13
4180,1636,2,4,24
4181,62,1,9,19
4182,5779,9,5,95
4183,7666,9,8,98
4184,1964,9,9,99
4185,5947,1,5,15
4186,5369,0,0,00
4187,895,2,0,20
4188,8496,0,0,00
4189,5947,2,5,25
4190,3363,1,3,13
4191,5236,1,8,18
4192,4449,4,6,46
4193,8542,6,6,66
4194,5613,4,0,40
4195,9136,1,8,18
4196,4728,5,5,55
4197,4799,4,9,49
4198,9989,9,6,96
4199,223,7,7,77
4200,1881,7,9,79
4201,7842,1,5,15
4202,9179,5,0,50
4203,6071,6,9,69
4204,4399,2,8,28
4205,2608,2,8,28
4206,483,2,5,25
4207,2604,8,5,85
4208,7034,0,8,08
4209,7928,6,1,61
4210,3786,9,1,91
4211,3960,6,5,65
4212,8972,1,3,13
4213,3898,9,5,95
4214,3053,7,5,75
4215,4231,7,8,78
4216,229,1,7,17
4217,2704,4,1,41
4218,1756,8,8,88
4219,1085,5,6,56
4220,4745,3,4,34
4221,3232,4,4,44
4222,5068,3,4,34
4223,4237,4,9,49
4224,9816,9,7,97
4225,5136,7,6,76
4226,9212,5,7,57
4227,1639,0,5,05
4228,8179,7,0,70
4229,157,4,0,40
4230,2285,8,7,87
4231,5004,8,4,84
4232,1925,1,7,17
4233,853,5,7,57
4234,7690,3,3,33
4235,6759,9,4,94
4236,359,5,9,59
4237,4287,9,9,99
4238,6345,7,2,72
4239,9916,6,7,67
4240,1388,9,6,96
4241,1062,0,3,03
4242,5605,3,2,32
4243,6339,6,7,67
4244,2806,3,4,34
4245,624,9,2,92
4246,844,8,8,88
4247,8419,2,3,23
4248,7000,2,1,21
4249,4699,1,6,16
4250,7105,2,6,26
4251,8630,8,5,85
4252,6894,6,0,60
4253,2511,8,3,83
4254,479,5,9,59
4255,7846,5,0,50
4256,9761,3,0,30
4257,7126,9,8,98
4258,1670,4,5,45
4259,1031,9,2,92
4260,6054,2,7,27
4261,3033,5,6,56
4262,7675,1,3,13
4263,621,5,8,58
4264,3720,1,7,17
4265,2638,4,0,40
4266,3885,4,9,49
4267,4911,1,4,14
4268,274,4,9,49
4269,4687,4,1,41
4270,4418,3,2,32
4271,9126,5,8,58
4272,3897,9,3,93
4273,5124,1,0,10
4274,9478,2,5,25
4275,6787,2,9,29
4276,1552,3,4,34
4277,4964,3,2,32
4278,2585,0,9,09
4279,7374,2,3,23
4280,9759,9,8,98
4281,5072,0,1,01
4282,7209,0,6,06
4283,1646,9,1,91
4284,3450,9,0,90
4285,6862,6,3,63
4286,6140,0,0,00
4287,6905,9,9,99
4288,3001,3,9,39
4289,3078,2,3,23
4290,9083,8,3,83
4291,6950,4,3,43
4292,451,1,3,13
4293,1975,9,7,97
4294,6395,9,8,98
4295,7779,7,5,75
4296,7860,2,6,26
4297,9014,7,6,76
4298,424,9,0,90
4299,8013,9,6,96
4300,1392,5,1,51
4301,7268,9,7,97
4302,7264,5,5,55
4303,4759,1,1,11
4304,8361,1,2,12
4305,6241,8,0,80
4306,8975,3,3,33
4307,6184,5,3,53
4308,542,1,8,18
4309,1953,9,3,93
4310,8238,5,2,52
4311,7431,3,3,33
4312,4136,5,8,58
4313,9706,4,2,42
4314,5014,9,1,91
4315,7915,5,7,57
4316,4075,9,8,98
4317,7129,3,0,30
4318,5945,1,3,13
4319,6884,9,5,95
4320,1032,0,5,05
4321,5472,9,3,93
4322,2896,7,8,78
4323,6103,5,3,53
4324,5891,4,5,45
4325,6501,9,3,93
4326,8277,2,3,23
4327,651,0,7,07
4328,5984,1,1,11
4329,3555,0,8,08
4330,7800,5,3,53
4331,2099,1,8,18
4332,1702,4,8,48
4333,4047,9,9,99
4334,2311,3,2,32
4335,2301,3,7,37
4336,8232,6,5,65
4337,2611,1,5,15
4338,951,5,5,55
4339,503,2,2,22
4340,1528,5,1,51
4341,6379,2,3,23
4342,6281,2,2,22
4343,3434,0,1,01
4344,1234,9,8,98
4345,2161,2,9,29
4346,8341,6,6,66
4347,383,6,7,67
4348,7201,0,4,04
4349,9806,1,7,17
4350,5323,2,1,21
4351,3615,0,4,04
4352,8334,3,9,39
4353,7817,0,0,00
4354,5059,2,8,28
4355,2858,5,9,59
4356,16,5,9,59
4357,36,7,7,77
4358,3279,9,8,98
4359,6205,5,4,54
4360,6630,5,6,56
4361,5659,0,0,00
4362,581,8,0,80
4363,9828,9,3,93
4364,1736,5,1,51
4365,7988,0,5,05
4366,2464,3,4,34
4367,9944,2,3,23
4368,8164,5,1,51
4369,769,9,6,96
4370,842,0,7,07
4371,9423,8,9,89
4372,8771,8,6,86
4373,6939,4,2,42
4374,3592,5,9,59
4375,2504,8,1,81
4376,3753,8,7,87
4377,9154,4,2,42
4378,9431,5,3,53
4379,2404,4,4,44
4380,6996,8,9,89
4381,7192,5,2,52
4382,2233,4,8,48
4383,1939,9,1,91
4384,8941,2,4,24
4385,9271,2,8,28
4386,3036,1,6,16
4387,1823,2,8,28
4388,1358,6,1,61
4389,6771,8,6,86
4390,1704,8,1,81
4391,3402,7,6,76
4392,3643,0,7,07
4393,762,3,4,34
4394,811,6,3,63
4395,9509,6,1,61
4396,3835,4,6,46
4397,6808,3,0,30
4398,2983,8,9,89
4399,6801,8,3,83
4400,5029,7,9,79
4401,3102,2,5,25
4402,3900,2,1,21
4403,4584,0,9,09
4404,409,0,1,01
4405,4561,9,7,97
4406,1470,3,8,38
4407,3966,9,9,99
4408,1652,9,4,94
4409,7366,1,4,14
4410,1415,9,8,98
4411,5963,8,6,86
4412,4369,6,9,69
4413,674,6,5,65
4414,2736,4,7,47
4415,8204,2,4,24
4416,1741,6,7,67
4417,2112,9,2,92
4418,2880,2,1,21
4419,9963,8,7,87
4420,1609,5,2,52
4421,4464,4,6,46
4422,2923,5,9,59
4423,1296,7,6,76
4424,3676,9,4,94
4425,445,9,6,96
4426,802,9,4,94
4427,5222,2,5,25
4428,9783,1,4,14
4429,7669,8,4,84
4430,4439,3,6,36
4431,8583,4,4,44
4432,8080,0,3,03
4433,6691,7,6,76
4434,5750,8,0,80
4435,9810,3,1,31
4436,5802,9,5,95
4437,1737,3,5,35
4438,2945,4,3,43
4439,1195,6,0,60
4440,2232,5,9,59
4441,9390,6,3,63
4442,1454,2,0,20
4443,4376,3,8,38
4444,9262,9,7,97
4445,9635,2,2,22
4446,6314,6,5,65
4447,2519,0,1,01
4448,7523,0,7,07
4449,1117,6,7,67
4450,7110,1,6,16
4451,9581,2,3,23
4452,4266,8,4,84
4453,8537,7,9,79
4454,7695,9,7,97
4455,5376,8,8,88
4456,7322,2,9,29
4457,9052,0,0,00
4458,726,4,7,47
4459,3674,7,8,78
4460,3883,7,0,70
4461,6227,5,5,55
4462,8418,0,1,01
4463,8163,5,0,50
4464,3713,6,7,67
4465,3374,4,8,48
4466,7274,6,5,65
4467,5037,7,2,72
4468,1416,4,0,40
4469,45,3,5,35
4470,6449,0,7,07
4471,1535,7,0,70
4472,7782,5,0,50
4473,9452,0,8,08
4474,7082,7,7,77
4475,6723,4,4,44
4476,4878,2,2,22
4477,1660,0,7,07
4478,9972,8,4,84
4479,1878,9,8,98
4480,459,9,0,90
4481,6441,4,7,47
4482,2881,2,3,23
4483,685,4,8,48
4484,1166,6,3,63
4485,8634,7,0,70
4486,2658,8,4,84
4487,4762,7,5,75
4488,8319,6,9,69
4489,3192,9,7,97
4490,3410,4,4,44
4491,3170,1,0,10
4492,5732,3,1,31
4493,4459,7,7,77
4494,1811,3,2,32
4495,2539,0,7,07
4496,9713,8,9,89
4497,9243,8,8,88
4498,1094,7,0,70
4499,5903,6,7,67
4500,1075,9,1,91
4501,1383,3,3,33
4502,34,9,7,97
4503,9862,2,6,26
4504,8141,2,4,24
4505,2213,9,8,98
4506,8481,2,0,20
4507,1713,1,0,10
4508,5940,8,8,88
4509,8214,3,5,35
4510,8617,2,7,27
4511,2151,9,3,93
4512,1011,6,1,61
4513,5268,8,9,89
4514,5809,4,1,41
4515,4912,0,4,04
4516,7062,1,0,10
4517,6301,2,6,26
4518,6854,8,4,84
4519,1232,4,9,49
4520,9320,5,4,54
4521,3513,2,2,22
4522,771,7,7,77
4523,2668,8,5,85
4524,9024,1,7,17
4525,1034,1,0,10
4526,2317,3,7,37
4527,1607,0,3,03
4528,8613,3,4,34
4529,9901,5,9,59
4530,3436,7,2,72
4531,1215,0,3,03
4532,6850,3,8,38
4533,6319,1,0,10
4534,2492,9,0,90
4535,614,3,3,33
4536,3942,6,0,60
4537,1279,3,4,34
4538,4525,1,1,11
4539,186,7,2,72
4540,9499,7,1,71
4541,786,3,6,36
4542,2086,0,3,03
4543,9968,8,7,87
4544,5021,4,5,45
4545,6994,8,6,86
4546,7950,2,7,27
4547,1997,6,3,63
4548,5930,5,0,50
4549,2605,2,7,27
4550,2598,9,8,98
4551,376,7,4,74
4552,2164,3,1,31
4553,9710,9,6,96
4554,9246,0,2,02
4555,3793,9,4,94
4556,5717,9,2,92
4557,2688,6,1,61
4558,6167,4,6,46
4559,3864,2,0,20
4560,1090,9,9,99
4561,8077,7,0,70
4562,4859,2,1,21
4563,2486,1,6,16
4564,8959,1,7,17
4565,7435,6,3,63
4566,5744,7,8,78
4567,1711,4,2,42
4568,2890,7,7,77
4569,7297,5,8,58
4570,6138,9,4,94
4571,2321,6,6,66
4572,7647,8,7,87
4573,1832,2,3,23
4574,4371,1,8,18
4575,7747,4,0,40
4576,3479,4,0,40
4577,6197,5,6,56
4578,8415,7,5,75
4579,9709,6,5,65
4580,7815,1,2,12
4581,1063,3,9,39
4582,830,2,2,22
4583,1661,5,3,53
4584,5593,9,0,90
4585,2979,9,9,99
4586,422,3,9,39
4587,1961,6,8,68
4588,1124,1,8,18
4589,1407,1,2,12
4590,5009,4,9,49
4591,1057,6,4,64
4592,6668,9,6,96
4593,2044,7,2,72
4594,5548,2,8,28
4595,4416,1,6,16
4596,6065,5,3,53
4597,3565,1,5,15
4598,4602,4,1,41
4599,6269,6,7,67
4600,4015,3,9,39
4601,5585,8,3,83
4602,5974,1,0,10
4603,8032,1,3,13
4604,5780,0,3,03
4605,3685,3,4,34
4606,8012,1,8,18
4607,1852,6,6,66
4608,7051,8,6,86
4609,5054,4,3,43
4610,1882,9,8,98
4611,9910,0,8,08
4612,7684,7,6,76
4613,1084,3,0,30
4614,2256,0,4,04
4615,5647,2,8,28
4616,5108,9,0,90
4617,6459,0,6,06
4618,6072,6,0,60
4619,2804,6,4,64
4620,9211,6,4,64
4621,4305,3,8,38
4622,4779,6,6,66
4623,4692,7,9,79
4624,3856,7,9,79
4625,6015,2,0,20
4626,7254,8,9,89
4627,2553,6,1,61
4628,4839,0,8,08
4629,19,8,4,84
4630,3604,3,7,37
4631,3452,0,1,01
4632,5260,2,4,24
4633,8765,9,0,90
4634,5242,8,9,89
4635,7889,3,0,30
4636,2035,2,5,25
4637,5730,5,9,59
4638,990,3,2,32
4639,1435,8,9,89
4640,8821,8,3,83
4641,7276,0,7,07
4642,6290,0,3,03
4643,3543,1,4,14
4644,5705,9,9,99
4645,8883,5,7,57
4646,6419,1,1,11
4647,677,3,3,33
4648,2348,9,3,93
4649,5340,6,2,62
4650,3307,0,6,06
4651,675,1,1,11
4652,2942,4,0,40
4653,6543,1,4,14
4654,7872,7,8,78
4655,6615,1,6,16
4656,6837,2,7,27
4657,4910,3,9,39
4658,7769,7,9,79
4659,4338,9,5,95
4660,1067,7,3,73
4661,7453,4,1,41
4662,8500,9,4,94
4663,7572,9,2,92
4664,7227,3,9,39
4665,7025,9,9,99
4666,1880,2,6,26
4667,3097,8,1,81
4668,8580,2,6,26
4669,495,7,8,78
4670,1308,1,9,19
4671,5725,8,4,84
4672,5225,0,3,03
4673,880,9,7,97
4674,3594,1,7,17
4675,2931,0,3,03
4676,5833,1,5,15
4677,5614,7,1,71
4678,7240,7,5,75
4679,7337,9,0,90
4680,7845,6,8,68
4681,8607,9,3,93
4682,923,9,3,93
4683,2508,9,6,96
4684,2084,2,4,24
4685,3671,1,6,16
4686,4086,6,8,68
4687,4852,1,8,18
4688,1582,3,1,31
4689,7438,5,6,56
4690,607,7,6,76
4691,337,1,7,17
4692,9590,9,5,95
4693,4901,7,9,79
4694,5496,6,7,67
4695,5680,4,8,48
4696,8678,5,7,57
4697,3128,7,2,72
4698,5238,6,7,67
4699,4593,6,7,67
4700,1102,9,5,95
4701,1722,9,2,92
4702,4414,6,4,64
4703,7944,3,1,31
4704,5776,6,1,61
4705,2119,2,8,28
4706,8180,9,5,95
4707,9918,8,9,89
4708,7565,1,7,17
4709,5506,2,1,21
4710,1981,2,6,26
4711,6777,5,6,56
4712,4721,5,4,54
4713,3413,2,0,20
4714,5315,3,9,39
4715,6163,7,0,70
4716,1869,2,9,29
4717,8307,1,0,10
4718,2028,0,7,07
4719,5313,1,7,17
4720,8578,0,5,05
4721,4772,4,4,44
4722,1816,5,4,54
4723,1899,2,8,28
4724,5840,8,2,82
4725,915,2,8,28
4726,5755,8,6,86
4727,6532,3,0,30
4728,4055,5,2,52
4729,6038,1,6,16
4730,2560,7,3,73
4731,8526,8,1,81
4732,2329,1,0,10
4733,6213,1,3,13
4734,1460,2,5,25
4735,4812,9,2,92
4736,7877,7,7,77
4737,2167,8,7,87
4738,9636,4,3,43
4739,364,0,5,05
4740,4581,3,3,33
4741,7370,0,8,08
4742,3769,7,3,73
4743,5417,8,2,82
4744,1767,8,4,84
4745,780,4,3,43
4746,8437,7,8,78
4747,145,7,1,71
4748,9040,8,6,86
4749,7947,5,4,54
4750,1070,8,5,85
4751,9690,4,7,47
4752,1901,9,9,99
4753,5271,8,1,81
4754,7481,1,8,18
4755,1452,3,9,39
4756,2787,8,2,82
4757,8154,0,3,03
4758,9649,3,1,31
4759,832,1,7,17
4760,6608,7,9,79
4761,6272,9,3,93
4762,816,5,2,52
4763,5118,5,8,58
4764,574,1,3,13
4765,3320,6,1,61
4766,334,5,3,53
4767,5759,7,1,71
4768,9737,4,1,41
4769,2263,9,9,99
4770,3306,3,0,30
4771,7350,5,3,53
4772,7662,4,4,44
4773,326,7,2,72
4774,8597,1,3,13
4775,8605,2,6,26
4776,5508,0,3,03
4777,2877,8,4,84
4778,1428,1,9,19
4779,3861,6,9,69
4780,8534,0,9,09
4781,6363,7,7,77
4782,2306,3,4,34
4783,760,4,4,44
4784,8723,7,9,79
4785,1542,3,4,34
4786,9545,9,5,95
4787,2282,6,5,65
4788,9506,0,8,08
4789,7287,8,8,88
4790,5482,6,7,67
4791,9834,4,8,48
4792,8062,8,5,85
4793,1258,7,5,75
4794,7972,7,4,74
4795,1453,9,4,94
4796,768,3,1,31
4797,2092,8,2,82
4798,4720,6,0,60
4799,8577,9,4,94
4800,9379,7,2,72
4801,9160,2,5,25
4802,6528,3,2,32
4803,3610,4,4,44
4804,1760,0,1,01
4805,813,2,9,29
4806,6810,1,2,12
4807,9229,8,3,83
4808,7497,3,2,32
4809,5329,5,3,53
4810,6322,5,3,53
4811,128,7,8,78
4812,4169,2,1,21
4813,6757,4,1,41
4814,8305,6,1,61
4815,5281,7,1,71
4816,6094,2,6,26
4817,3084,8,7,87
4818,8531,3,5,35
4819,2963,0,4,04
4820,332,8,1,81
4821,5937,7,5,75
4822,1194,8,7,87
4823,7463,9,1,91
4824,1216,0,7,07
4825,3691,8,5,85
4826,2725,4,1,41
4827,8315,4,2,42
4828,2275,5,7,57
4829,9722,8,8,88
4830,1417,5,9,59
4831,1959,6,0,60
4832,8514,6,0,60
4833,5422,3,7,37
4834,7642,0,8,08
4835,2033,9,0,90
4836,1257,3,1,31
4837,2543,7,8,78
4838,1447,6,5,65
4839,9637,8,7,87
4840,3330,9,2,92
4841,9249,3,1,31
4842,7609,4,2,42
4843,7395,9,1,91
4844,4011,5,8,58
4845,866,8,5,85
4846,9112,9,1,91
4847,7689,1,8,18
4848,579,2,7,27
4849,127,8,5,85
4850,7271,8,2,82
4851,7667,6,6,66
4852,1664,8,8,88
4853,7333,1,3,13
4854,7113,3,6,36
4855,6024,7,8,78
4856,9647,9,0,90
4857,2040,0,5,05
4858,6631,1,8,18
4859,1003,1,5,15
4860,6383,4,0,40
4861,1545,7,9,79
4862,2468,0,6,06
4863,620,8,0,80
4864,4639,1,8,18
4865,5796,7,3,73
4866,4050,4,1,41
4867,3879,5,9,59
4868,1268,7,8,78
4869,9563,1,8,18
4870,4498,2,7,27
4871,3461,1,7,17
4872,5468,1,3,13
4873,1193,3,1,31
4874,2612,9,1,91
4875,1497,6,7,67
4876,6684,2,7,27
4877,470,1,8,18
4878,4781,2,7,27
4879,8585,8,8,88
4880,8808,0,0,00
4881,5232,7,1,71
4882,856,6,5,65
4883,4841,6,3,63
4884,4969,9,2,92
4885,9215,3,2,32
4886,3886,7,6,76
4887,7408,0,4,04
4888,6614,5,2,52
4889,3939,2,6,26
4890,2862,8,8,88
4891,7931,0,9,09
4892,7349,5,2,52
4893,5942,4,0,40
4894,1785,3,1,31
4895,8491,8,1,81
4896,212,4,9,49
4897,7241,6,5,65
4898,9413,6,7,67
4899,2597,2,5,25
4900,201,7,6,76
4901,1357,9,4,94
4902,615,5,1,51
4903,5087,1,0,10
4904,4953,3,1,31
4905,8176,2,4,24
4906,2202,4,4,44
4907,742,3,0,30
4908,493,6,3,63
4909,7035,1,8,18
4910,2596,9,2,92
4911,8908,4,2,42
4912,5542,4,3,43
4913,6479,7,6,76
4914,5735,6,5,65
4915,4223,5,4,54
4916,3505,4,7,47
4917,3274,1,2,12
4918,5797,9,8,98
4919,9856,9,9,99
4920,3328,2,7,27
4921,8000,7,4,74
4922,6305,8,2,82
4923,7799,0,9,09
4924,3246,1,8,18
4925,11,3,6,36
4926,5333,6,9,69
4927,1397,1,1,11
4928,4240,3,9,39
4929,6011,4,3,43
4930,9433,1,8,18
4931,1267,1,8,18
4932,3891,1,9,19
4933,9618,5,7,57
4934,7462,6,9,69
4935,8083,0,6,06
4936,3880,7,8,78
4937,5261,0,7,07
4938,5683,7,9,79
4939,3595,2,5,25
4940,8836,3,4,34
4941,5704,2,9,29
4942,6881,5,6,56
4943,9070,2,0,20
4944,3007,2,5,25
4945,8264,9,4,94
4946,8639,4,2,42
4947,4736,9,7,97
4948,6571,8,9,89
4949,478,1,5,15
4950,8365,2,2,22
4951,8528,1,0,10
4952,5276,6,6,66
4953,3447,1,6,16
4954,9697,2,3,23
4955,2874,7,7,77
4956,7711,8,7,87
4957,1378,0,5,05
4958,948,0,1,01
4959,4802,0,3,03
4960,9053,8,6,86
4961,5662,2,5,25
4962,9970,2,5,25
4963,7742,9,5,95
4964,6839,2,8,28
4965,9999,2,6,26
4966,4959,7,0,70
4967,6277,9,5,95
4968,5731,9,0,90
4969,7659,2,5,25
4970,4775,7,2,72
4971,3149,5,9,59
4972,4053,1,7,17
4973,5443,3,0,30
4974,6604,4,1,41
4975,588,9,5,95
4976,21,4,6,46
4977,1482,1,6,16
4978,3020,8,0,80
4979,7478,5,5,55
4980,7289,6,0,60
4981,1089,2,5,25
4982,7425,8,4,84
4983,6494,3,3,33
4984,8920,1,9,19
4985,2308,2,3,23
4986,9276,8,4,84
4987,7533,4,7,47
4988,1914,9,8,98
4989,5221,9,6,96
4990,9131,3,2,32
4991,1326,7,7,77
4992,6648,0,7,07
4993,6673,7,1,71
4994,3080,7,3,73
4995,8197,2,6,26
4996,5976,3,8,38
4997,2491,2,2,22
4998,6316,4,7,47
4999,5153,0,6,06
5000,2294,3,0,30
5001,1100,9,7,97
5002,890,9,3,93
5003,6471,8,7,87
5004,8172,4,0,40
5005,5505,1,0,10
5006,8208,0,2,02
5007,3018,6,6,66
5008,6743,0,1,01
5009,3761,9,1,91
5010,4339,6,2,62
5011,6428,8,0,80
5012,4988,6,9,69
5013,4708,1,1,11
5014,1133,1,7,17
5015,487,9,9,99
5016,6978,8,0,80
5017,6806,9,8,98
5018,672,2,1,21
5019,5674,3,3,33
5020,1641,5,5,55
5021,9146,5,6,56
5022,6061,9,3,93
5023,3429,4,4,44
5024,6578,2,8,28
5025,6306,1,7,17
5026,4150,9,0,90
5027,9976,4,6,46
5028,3849,3,0,30
5029,7921,9,8,98
5030,3489,6,2,62
5031,535,0,4,04
5032,5687,4,3,43
5033,2249,0,4,04
5034,4141,6,8,68
5035,2160,0,6,06
5036,1426,1,3,13
5037,6982,2,3,23
5038,8460,3,2,32
5039,1687,4,8,48
5040,4395,7,6,76
5041,1339,8,5,85
5042,9429,9,3,93
5043,5900,0,4,04
5044,2414,1,9,19
5045,2558,2,5,25
5046,7998,3,7,37
5047,2188,4,0,40
5048,7325,7,1,71
5049,2412,8,2,82
5050,5569,9,8,98
5051,3354,0,1,01
5052,6715,1,4,14
5053,9494,2,6,26
5054,8229,3,1,31
5055,5684,4,0,40
5056,6039,5,9,59
5057,4236,6,5,65
5058,5695,7,0,70
5059,836,8,1,81
5060,6313,9,4,94
5061,9550,8,4,84
5062,6523,3,8,38
5063,9251,4,6,46
5064,6550,7,6,76
5065,9301,8,1,81
5066,405,6,4,64
5067,3135,3,6,36
5068,4196,4,5,45
5069,3157,0,5,05
5070,6324,9,5,95
5071,9536,7,3,73
5072,9120,1,1,11
5073,656,9,0,90
5074,4249,3,1,31
5075,9822,8,4,84
5076,131,4,6,46
5077,6980,7,9,79
5078,7502,3,8,38
5079,2718,0,6,06
5080,399,9,4,94
5081,2590,1,1,11
5082,7654,4,7,47
5083,4943,5,2,52
5084,8824,4,6,46
5085,7688,6,0,60
5086,1527,2,1,21
5087,9691,0,8,08
5088,6132,6,2,62
5089,1826,2,0,20
5090,4201,1,1,11
5091,322,1,9,19
5092,4907,1,3,13
5093,4574,1,1,11
5094,8417,7,7,77
5095,4362,2,8,28
5096,2451,4,8,48
5097,9447,7,7,77
5098,8636,5,1,51
5099,5028,2,3,23
5100,3559,9,8,98
5101,3560,4,6,46
5102,2225,5,8,58
5103,1259,8,8,88
5104,2878,4,1,41
5105,6617,2,8,28
5106,2811,9,0,90
5107,266,7,8,78
5108,6672,0,0,00
5109,1102,0,5,05
5110,6487,7,9,79
5111,9157,5,3,53
5112,1321,1,7,17
5113,1854,1,6,16
5114,3781,7,8,78
5115,1616,6,6,66
5116,896,6,0,60
5117,7668,6,6,66
5118,7407,8,3,83
5119,2498,2,4,24
5120,194,2,0,20
5121,180,7,1,71
5122,2297,7,8,78
5123,3839,4,2,42
5124,9232,0,4,04
5125,5237,2,3,23
5126,3244,4,1,41
5127,3198,2,8,28
5128,2070,1,7,17
5129,6480,8,2,82
5130,6639,9,6,96
5131,5734,6,3,63
5132,2253,1,2,12
5133,3707,0,8,08
5134,2214,5,5,55
5135,3416,9,5,95
5136,4061,6,7,67
5137,374,9,8,98
5138,32,8,3,83
5139,7107,0,9,09
5140,5559,3,4,34
5141,529,0,1,01
5142,6067,8,5,85
5143,6046,3,3,33
5144,2586,9,5,95
5145,4451,6,2,62
5146,6062,3,0,30
5147,9513,0,5,05
5148,3534,1,4,14
5149,9682,2,1,21
5150,384,3,6,36
5151,891,4,2,42
5152,1599,5,4,54
5153,7801,6,7,67
5154,8344,7,1,71
5155,7300,0,7,07
5156,349,1,3,13
5157,2741,2,2,22
5158,9084,3,4,34
5159,9692,4,9,49
5160,8430,5,3,53
5161,7149,6,7,67
5162,3926,7,9,79
5163,8166,8,1,81
5164,1225,9,8,98
5165,3389,0,8,08
5166,7204,1,7,17
5167,101,2,0,20
5168,3710,3,0,30
5169,6059,4,3,43
5170,5440,5,4,54
5171,2750,6,6,66
5172,3780,7,4,74
5173,1556,8,8,88
5174,5959,5,7,57
5175,4172,4,4,44
5176,3300,8,3,83
5177,8433,7,6,76
5178,4653,4,1,41
5179,901,7,4,74
5180,1322,7,9,79
5181,6253,3,7,37
5182,2453,9,3,93
5183,5575,8,9,89
5184,8515,8,6,86
5185,2239,3,1,31
5186,5419,1,4,14
5187,7994,5,2,52
5188,3644,8,8,88
5189,8131,2,4,24
5190,5348,7,4,74
5191,5184,4,8,48
5192,2925,2,5,25
5193,110,1,8,18
5194,5805,5,9,59
5195,5107,4,7,47
5196,1102,5,5,55
5197,8203,5,7,57
5198,5220,8,9,89
5199,3222,6,6,66
5200,5284,4,4,44
5201,1889,4,3,43
5202,8800,4,2,42
5203,5337,1,0,10
5204,9837,8,7,87
5205,9634,7,0,70
5206,3882,5,8,58
5207,1160,5,4,54
5208,1086,1,9,19
5209,4302,8,5,85
5210,5566,9,1,91
5211,8121,1,4,14
5212,9008,3,4,34
5213,5132,6,1,61
5214,5534,3,1,31
5215,4604,3,0,30
5216,9749,2,5,25
5217,114,2,7,27
5218,6491,6,5,65
5219,6109,9,2,92
5220,5850,9,3,93
5221,3705,6,8,68
5222,5105,5,2,52
5223,5578,5,8,58
5224,5194,3,5,35
5225,3836,3,7,37
5226,9454,8,6,86
5227,2536,1,0,10
5228,5350,6,1,61
5229,6168,5,9,59
5230,8837,6,7,67
5231,7378,8,8,88
5232,2510,1,1,11
5233,7116,9,6,96
5234,9893,7,2,72
5235,4730,6,7,67
5236,98,8,6,86
5237,2367,3,6,36
5238,7424,7,1,71
5239,1986,4,1,41
5240,8091,7,2,72
5241,5943,0,1,01
5242,8001,9,9,99
5243,1606,0,7,07
5244,9621,0,0,00
5245,4849,3,8,38
5246,2610,7,2,72
5247,989,9,6,96
5248,4485,3,7,37
5249,3069,0,4,04
5250,2295,2,0,20
5251,5922,0,5,05
5252,202,1,1,11
5253,5022,0,9,09
5254,1991,1,2,12
5255,2172,0,8,08
5256,1441,4,8,48
5257,3949,0,8,08
5258,8347,1,4,14
5259,6365,0,3,03
5260,5883,4,2,42
5261,9915,7,4,74
5262,2782,9,6,96
5263,7225,6,0,60
5264,3751,2,7,27
5265,8635,6,8,68
5266,5317,2,7,27
5267,5314,2,1,21
5268,4510,9,2,92
5269,7474,9,5,95
5270,3196,0,1,01
5271,3377,1,4,14
5272,2777,2,0,20
5273,8210,3,9,39
5274,1059,4,4,44
5275,5609,5,6,56
5276,903,6,6,66
5277,5402,7,7,77
5278,7787,8,6,86
5279,9373,9,6,96
5280,3979,0,6,06
5281,4268,1,4,14
5282,7525,2,9,29
5283,6374,3,1,31
5284,7263,4,0,40
5285,5822,5,4,54
5286,5364,6,5,65
5287,4763,7,5,75
5288,9116,8,8,88
5289,5975,9,4,94
5290,8320,0,2,02
5291,1846,1,5,15
5292,4945,2,9,29
5293,2089,3,9,39
5294,7636,4,1,41
5295,7555,5,0,50
5296,3113,6,5,65
5297,7906,7,6,76
5298,394,8,9,89
5299,4970,9,7,97
5300,4217,8,4,84
5301,256,0,2,02
5302,9889,5,3,53
5303,4299,6,9,69
5304,747,6,3,63
5305,3953,0,3,03
5306,1233,8,5,85
5307,1247,0,9,09
5308,7607,2,0,20
5309,363,3,2,32
5310,8304,7,7,77
5311,2618,9,3,93
5312,8653,4,5,45
5313,6377,7,7,77
5314,4152,1,5,15
5315,671,9,9,99
5316,419,1,1,11
5317,846,7,7,77
5318,9792,1,4,14
5319,9784,4,9,49
5320,7040,0,3,03
5321,9985,0,2,02
5322,7936,4,3,43
5323,6369,1,4,14
5324,7794,7,2,72
5325,1559,5,9,59
5326,8049,7,5,75
5327,8156,1,3,13
5328,3959,3,0,30
5329,5870,3,0,30
5330,390,3,2,32
5331,4045,1,6,16
5332,9140,6,1,61
5333,215,9,0,90
5334,27,7,4,74
5335,9435,4,1,41
5336,2887,3,7,37
5337,3578,0,2,02
5338,5053,2,2,22
5339,1125,5,8,58
5340,4220,2,3,23
5341,8395,6,4,64
5342,9643,0,1,01
5343,6008,8,1,81
5344,2627,9,0,90
5345,1363,4,7,47
5346,1065,3,2,32
5347,1578,5,6,56
5348,8171,4,3,43
5349,9362,8,9,89
5350,515,1,3,13
5351,9850,5,0,50
5352,7783,9,1,91
5353,2645,0,4,04
5354,3608,6,0,60
5355,362,4,2,42
5356,6861,3,4,34
5357,9474,6,3,63
5358,7221,3,0,30
5359,6641,3,8,38
5360,5140,8,3,83
5361,2219,1,8,18
5362,9939,4,0,40
5363,6943,7,6,76
5364,955,5,5,55
5365,1346,7,7,77
5366,6986,2,7,27
5367,7393,2,5,25
5368,2020,0,3,03
5369,4168,0,1,01
5370,6215,1,5,15
5371,3169,7,4,74
5372,1865,7,4,74
5373,9402,9,8,98
5374,7673,5,5,55
5375,5621,9,8,98
5376,9838,8,1,81
5377,1274,9,4,94
5378,176,6,1,61
5379,8358,8,9,89
5380,3597,8,9,89
5381,9584,2,5,25
5382,4795,3,9,39
5383,5606,6,3,63
5384,2369,1,5,15
5385,765,2,4,24
5386,3000,9,6,96
5387,8940,8,5,85
5388,3153,9,8,98
5389,2307,5,4,54
5390,5792,2,4,24
5391,8280,6,4,64
5392,2953,2,3,23
5393,2901,4,4,44
5394,453,8,3,83
5395,1474,4,8,48
5396,2522,6,3,63
5397,3287,5,9,59
5398,181,0,8,08
5399,1744,1,6,16
5400,3667,5,7,57
5401,5452,6,0,60
5402,3964,7,8,78
5403,6979,8,0,80
5404,8944,9,6,96
5405,4963,0,9,09
5406,4644,1,9,19
5407,5657,2,7,27
5408,874,3,9,39
5409,7314,4,6,46
5410,1893,5,8,58
5411,6327,6,8,68
5412,1819,7,6,76
5413,3318,8,2,82
5414,8851,9,0,90
5415,9961,0,6,06
5416,9887,1,8,18
5417,4552,2,3,23
5418,3034,3,9,39
5419,1033,4,8,48
5420,5458,5,6,56
5421,4625,6,2,62
5422,3566,7,2,72
5423,3227,8,1,81
5424,8623,9,9,99
5425,3495,7,4,74
5426,92,4,9,49
5427,9658,2,6,26
5428,7044,0,9,09
5429,3557,9,6,96
5430,1304,0,9,09
5431,4081,1,6,16
5432,525,5,0,50
5433,6915,8,4,84
5434,2248,8,2,82
5435,3263,0,8,08
5436,1715,2,1,21
5437,3631,7,5,75
5438,4227,8,0,80
5439,8040,4,6,46
5440,3337,4,2,42
5441,9161,6,8,68
5442,1812,1,9,19
5443,4354,0,2,02
5444,8990,4,6,46
5445,5301,5,0,50
5446,9264,3,0,30
5447,1253,9,4,94
5448,2032,4,3,43
5449,1973,2,8,28
5450,4924,0,1,01
5451,2904,5,2,52
5452,8616,0,4,04
5453,4211,1,6,16
5454,2619,3,0,30
5455,2204,2,0,20
5456,9917,9,8,98
5457,8949,1,9,19
5458,9954,6,2,62
5459,2457,0,4,04
5460,6496,1,9,19
5461,9467,1,9,19
5462,1706,8,4,84
5463,6772,0,9,09
5464,430,4,1,41
5465,9097,7,2,72
5466,4197,7,4,74
5467,2394,6,4,64
5468,6527,3,1,31
5469,2994,6,6,66
5470,9389,0,2,02
5471,7603,7,8,78
5472,8421,3,7,37
5473,7203,5,0,50
5474,1784,4,7,47
5475,3532,2,1,21
5476,3616,4,7,47
5477,9451,1,7,17
5478,5610,8,7,87
5479,4854,3,3,33
5480,1496,5,7,57
5481,710,6,5,65
5482,983,7,8,78
5483,4490,0,4,04
5484,6963,6,7,67
5485,1669,7,8,78
5486,1586,1,3,13
5487,9468,2,3,23
5488,5998,5,1,51
5489,8,8,5,85
5490,3066,1,4,14
5491,2158,9,2,92
5492,7676,3,5,35
5493,5667,8,2,82
5494,4260,2,2,22
5495,6541,8,2,82
5496,5322,7,4,74
5497,4547,6,6,66
5498,7170,7,3,73
5499,1932,1,2,12
5500,2368,4,4,44
5501,4359,6,5,65
5502,1948,2,5,25
5503,5133,9,0,90
5504,4073,3,7,37
5505,6572,0,1,01
5506,7884,1,9,19
5507,4356,2,5,25
5508,7583,3,5,35
5509,4162,4,3,43
5510,8839,5,9,59
5511,6722,6,3,63
5512,7480,7,1,71
5513,3277,0,7,07
5514,5672,1,9,19
5515,1915,2,2,22
5516,6403,3,8,38
5517,7078,4,6,46
5518,2197,5,4,54
5519,972,0,0,00
5520,7925,1,6,16
5521,5898,2,6,26
5522,6350,8,6,86
5523,9679,9,6,96
5524,4003,1,6,16
5525,4714,4,3,43
5526,270,0,3,03
5527,2853,9,3,93
5528,3448,5,3,53
5529,7527,0,1,01
5530,4021,8,1,81
5531,1513,0,3,03
5532,8134,7,7,77
5533,8931,7,7,77
5534,4098,1,2,12
5535,4867,1,5,15
5536,1752,2,5,25
5537,7156,9,2,92
5538,5740,3,3,33
5539,3659,6,3,63
5540,4549,7,2,72
5541,7269,2,0,20
5542,8387,3,7,37
5543,1230,8,4,84
5544,947,1,8,18
5545,9516,2,8,28
5546,2731,9,3,93
5547,3229,8,2,82
5548,608,8,0,80
5549,6650,7,9,79
5550,8780,1,3,13
5551,4138,7,1,71
5552,2744,1,8,18
5553,3190,1,9,19
5554,7128,0,9,09
5555,6804,3,6,36
5556,7032,4,7,47
5557,9571,2,9,29
5558,9891,6,9,69
5559,752,4,4,44
5560,1275,7,4,74
5561,8891,4,7,47
5562,9472,2,9,29
5563,7691,7,8,78
5564,8969,4,2,42
5565,4633,9,9,99
5566,9885,1,0,10
5567,1833,0,5,05
5568,6329,6,1,61
5569,8858,8,0,80
5570,3884,5,9,59
5571,3724,5,0,50
5572,8398,5,7,57
5573,8576,3,0,30
5574,8223,5,8,58
5575,7111,9,7,97
5576,8881,7,0,70
5577,5466,4,7,47
5578,3927,8,9,89
5579,9227,5,3,53
5580,4457,9,0,90
5581,7471,6,9,69
5582,5351,9,5,95
5583,9683,3,4,34
5584,144,0,7,07
5585,691,3,8,38
5586,3729,8,2,82
5587,5607,9,4,94
5588,4091,1,0,10
5589,293,8,2,82
5590,8937,1,6,16
5591,9627,6,6,66
5592,819,0,3,03
5593,8659,0,1,01
5594,6037,1,4,14
5595,3130,2,6,26
5596,5371,3,7,37
5597,645,4,5,45
5598,8788,5,5,55
5599,1114,6,3,63
5600,825,7,7,77
5601,299,8,8,88
5602,2932,9,0,90
5603,9242,0,7,07
5604,9407,1,1,11
5605,7954,2,1,21
5606,3093,3,5,35
5607,1429,4,9,49
5608,9218,5,9,59
5609,280,6,2,62
5610,1723,7,0,70
5611,4155,8,0,80
5612,5577,9,4,94
5613,7934,0,1,01
5614,679,1,7,17
5615,2055,2,2,22
5616,7213,3,6,36
5617,6349,4,3,43
5618,3627,5,8,58
5619,247,6,4,64
5620,2643,7,6,76
5621,3889,8,9,89
5622,5661,9,1,91
5623,1236,3,1,31
5624,3990,5,1,51
5625,792,3,3,33
5626,5152,2,5,25
5627,6235,9,9,99
5628,9470,3,2,32
5629,265,2,1,21
5630,1082,1,5,15
5631,9602,4,1,41
5632,2905,5,8,58
5633,3681,5,2,52
5634,3778,2,5,25
5635,5668,3,5,35
5636,1490,2,3,23
5637,7256,1,9,19
5638,2650,3,8,38
5639,2444,9,1,91
5640,442,7,3,73
5641,4108,2,5,25
5642,6318,1,9,19
5643,130,2,6,26
5644,4408,8,9,89
5645,8255,9,4,94
5646,9898,1,1,11
5647,1419,8,4,84
5648,1254,8,1,81
5649,5336,7,3,73
5650,8877,8,8,88
5651,4682,1,9,19
5652,4104,0,1,01
5653,2152,0,8,08
5654,2221,7,1,71
5655,1944,7,0,70
5656,6763,8,3,83
5657,4758,7,3,73
5658,6830,5,7,57
5659,6214,0,9,09
5660,3704,6,8,68
5661,7569,1,8,18
5662,9967,5,8,58
5663,8674,7,3,73
5664,6946,4,9,49
5665,3345,6,5,65
5666,328,1,7,17
5667,3238,2,6,26
5668,3873,5,8,58
5669,7627,0,2,02
5670,1859,7,8,78
5671,3122,9,7,97
5672,1768,9,0,90
5673,3096,0,4,04
5674,5342,3,0,30
5675,1691,8,1,81
5676,2716,4,3,43
5677,6146,4,5,45
5678,2636,8,8,88
5679,5501,1,6,16
5680,8987,8,5,85
5681,8465,6,7,67
5682,1690,5,3,53
5683,5736,9,6,96
5684,3403,0,6,06
5685,3655,0,2,02
5686,5362,0,4,04
5687,8925,3,4,34
5688,1104,7,7,77
5689,541,1,4,14
5690,5146,6,3,63
5691,5563,4,7,47
5692,1866,2,5,25
5693,8629,6,0,60
5694,2388,6,6,66
5695,8700,0,9,09
5696,4477,4,0,40
5697,4782,5,3,53
5698,6000,4,9,49
5699,3257,1,2,12
5700,3259,3,1,31
5701,3471,8,1,81
5702,6387,6,6,66
5703,9654,3,3,33
5704,1807,9,0,90
5705,8598,9,3,93
5706,822,5,7,57
5707,8541,9,7,97
5708,1633,3,1,31
5709,3152,7,1,71
5710,8872,8,8,88
5711,2060,5,0,50
5712,7730,6,3,63
5713,9288,4,7,47
5714,2166,7,1,71
5715,9981,6,6,66
5716,4656,2,2,22
5717,5061,2,8,28
5718,8142,0,5,05
5719,3938,9,4,94
5720,1421,4,5,45
5721,319,0,5,05
5722,3147,1,9,19
5723,3556,2,5,25
5724,8364,3,7,37
5725,3408,4,5,45
5726,2799,5,3,53
5727,8020,6,1,61
5728,6283,7,6,76
5729,725,8,1,81
5730,6464,9,8,98
5731,8874,0,7,07
5732,3156,1,6,16
5733,6224,2,1,21
5734,1379,3,0,30
5735,73,5,9,59
5736,4733,6,1,61
5737,5688,0,7,07
5738,6499,1,2,12
5739,8473,2,5,25
5740,4787,3,6,36
5741,5663,4,7,47
5742,5726,5,5,55
5743,7315,6,5,65
5744,9596,8,8,88
5745,911,7,7,77
5746,720,1,5,15
5747,6207,3,6,36
5748,7719,2,3,23
5749,9484,8,4,84
5750,5012,0,6,06
5751,3094,7,3,73
5752,7430,5,5,55
5753,9925,9,3,93
5754,4159,9,8,98
5755,4031,6,5,65
5756,859,0,7,07
5757,4679,9,9,99
5758,9863,4,8,48
5759,1265,1,3,13
5760,3364,3,8,38
5761,5961,2,9,29
5762,9050,1,6,16
5763,3901,2,6,26
5764,3349,3,7,37
5765,5697,8,5,85
5766,4734,3,2,32
5767,9669,2,4,24
5768,1572,6,8,68
5769,7546,5,6,56
5770,6623,6,1,61
5771,2902,8,1,81
5772,9577,2,2,22
5773,9043,7,2,72
5774,1243,4,5,45
5775,3486,8,3,83
5776,4626,1,8,18
5777,6663,8,7,87
5778,6088,0,6,06
5779,5334,5,7,57
5780,8245,3,2,32
5781,8630,9,5,95
5782,3969,4,7,47
5783,7133,1,0,10
5784,4023,9,0,90
5785,705,2,7,27
5786,5897,1,9,19
5787,537,9,1,91
5788,9177,6,3,63
5789,4461,7,5,75
5790,8739,9,6,96
5791,1492,0,9,09
5792,1116,4,4,44
5793,6971,6,0,60
5794,8081,1,4,14
5795,3163,7,8,78
5796,5641,3,2,32
5797,7985,8,7,87
5798,6585,7,4,74
5799,3961,2,6,26
5800,8186,9,3,93
5801,9207,6,6,66
5802,1923,5,3,53
5803,8341,8,6,86
5804,1634,3,4,34
5805,3583,9,8,98
5806,9382,0,5,05
5807,2187,5,7,57
5808,6134,7,6,76
5809,9990,1,7,17
5810,4208,6,0,60
5811,6626,1,4,14
5812,7986,0,2,02
5813,5234,9,7,97
5814,8554,3,6,36
5815,5272,3,2,32
5816,9176,4,5,45
5817,732,4,6,46
5818,6678,0,1,01
5819,9588,6,5,65
5820,5045,2,2,22
5821,962,5,9,59
5822,6795,4,0,40
5823,569,2,3,23
5824,991,3,3,33
5825,5434,4,8,48
5826,2052,6,8,68
5827,2819,0,4,04
5828,729,0,6,06
5829,1755,2,5,25
5830,3024,0,4,04
5831,1710,1,7,17
5832,4267,4,1,41
5833,4280,5,9,59
5834,2692,6,9,69
5835,6628,7,1,71
5836,2700,8,7,87
5837,2723,9,3,93
5838,7923,0,8,08
5839,1872,1,4,14
5840,3624,2,0,20
5841,7882,3,0,30
5842,9758,4,3,43
5843,9393,5,7,57
5844,500,6,3,63
5845,882,7,9,79
5846,289,8,5,85
5847,7060,0,8,08
5848,1367,1,3,13
5849,2352,2,6,26
5850,7487,3,9,39
5851,9333,4,4,44
5852,7377,5,9,59
5853,6052,6,2,62
5854,2255,7,3,73
5855,6973,8,3,83
5856,810,9,7,97
5857,65,8,4,84
5858,5013,7,1,71
5859,1320,1,8,18
5860,7050,3,6,36
5861,8117,7,0,70
5862,4915,5,5,55
5863,8482,2,2,22
5864,8647,8,6,86
5865,9605,0,4,04
5866,9130,7,6,76
5867,996,5,2,52
5868,4290,9,8,98
5869,159,9,4,94
5870,477,0,2,02
5871,1650,9,0,90
5872,486,1,8,18
5873,3893,1,5,15
5874,1444,5,6,56
5875,1303,8,2,82
5876,6219,8,8,88
5877,2422,6,6,66
5878,9475,3,6,36
5879,9619,2,8,28
5880,1907,1,0,10
5881,7238,8,7,87
5882,1162,3,6,36
5883,8600,2,1,21
5884,2115,6,7,67
5885,8174,5,2,52
5886,912,6,3,63
5887,7866,7,0,70
5888,2347,4,3,43
5889,9512,1,4,14
5890,4813,0,4,04
5891,1366,5,7,57
5892,4937,3,0,30
5893,5392,1,2,12
5894,2220,9,7,97
5895,2922,2,5,25
5896,4327,1,0,10
5897,2599,9,1,91
5898,929,6,1,61
5899,6689,0,4,04
5900,2085,4,2,42
5901,9163,6,3,63
5902,1113,1,5,15
5903,4056,7,5,75
5904,3870,3,0,30
5905,5366,8,2,82
5906,564,7,0,70
5907,4233,2,5,25
5908,9294,9,7,97
5909,8966,6,2,62
5910,1886,5,6,56
5911,1324,8,8,88
5912,4955,3,7,37
5913,4315,5,5,55
5914,7585,7,6,76
5915,8842,1,3,13
5916,6947,6,0,60
5917,2660,1,0,10
5918,5848,0,1,01
5919,7652,9,9,99
5920,8895,6,0,60
5921,8452,2,4,24
5922,5074,5,3,53
5923,7804,4,3,43
5924,2465,2,6,26
5925,6291,3,5,35
5926,6385,4,5,45
5927,4684,4,2,42
5928,2435,6,0,60
5929,8612,0,2,02
5930,7989,0,0,00
5931,5982,2,5,25
5932,6298,0,6,06
5933,3921,1,2,12
5934,9269,2,6,26
5935,2960,3,8,38
5936,4355,4,5,45
5937,6761,5,4,54
5938,2898,6,4,64
5939,407,7,0,70
5940,7910,8,4,84
5941,824,9,1,91
5942,5198,0,8,08
5943,7515,1,9,19
5944,4820,2,8,28
5945,3395,3,6,36
5946,1509,4,4,44
5947,840,5,1,51
5948,4429,6,8,68
5949,2432,7,2,72
5950,3922,8,1,81
5951,7913,9,0,90
5952,273,0,9,09
5953,5887,1,7,17
5954,1477,2,7,27
5955,7432,3,7,37
5956,9425,4,0,40
5957,304,5,4,54
5958,9328,6,7,67
5959,938,7,3,73
5960,5956,8,4,84
5961,9035,9,5,95
5962,5379,8,8,88
5963,9959,6,8,68
5964,5297,5,7,57
5965,497,0,4,04
5966,6514,6,8,68
5967,3739,8,3,83
5968,2109,9,3,93
5969,8711,4,5,45
5970,7728,1,1,11
5971,1266,9,6,96
5972,1765,5,3,53
5973,3251,3,0,30
5974,5,0,1,01
5975,4191,4,1,41
5976,2580,8,6,86
5977,3669,9,1,91
5978,2789,1,1,11
5979,4718,4,0,40
5980,4469,0,3,03
5981,2413,5,5,55
5982,1143,5,7,57
5983,5476,2,4,24
5984,7812,1,1,11
5985,166,5,4,54
5986,9913,4,2,42
5987,3721,0,7,07
5988,213,7,3,73
5989,9359,6,2,62
5990,2169,0,4,04
5991,1372,1,2,12
5992,7824,7,6,76
5993,6497,0,2,02
5994,9082,6,2,62
5995,4621,8,3,83
5996,5733,9,2,92
5997,839,5,8,58
5998,9404,1,9,19
5999,6408,7,1,71
6000,3895,9,0,90
6001,4209,8,6,86
6002,4357,6,7,67
6003,8555,0,7,07
6004,5580,8,9,89
6005,7851,1,6,16
6006,9340,7,7,77
6007,3656,7,7,77
6008,8615,1,2,12
6009,7646,3,0,30
6010,2482,2,7,27
6011,8372,3,9,39
6012,6721,1,2,12
6013,300,4,4,44
6014,1142,2,4,24
6015,1791,0,1,01
6016,9259,0,2,02
6017,9794,7,6,76
6018,7589,8,4,84
6019,5246,4,7,47
6020,5825,6,4,64
6021,6595,4,8,48
6022,1845,9,3,93
6023,5510,3,5,35
6024,5309,8,3,83
6025,8902,4,2,42
6026,4298,7,9,79
6027,856,2,5,25
6028,1163,5,4,54
6029,1002,6,2,62
6030,545,3,0,30
6031,2854,6,9,69
6032,9109,9,5,95
6033,9102,6,4,64
6034,5473,3,5,35
6035,9866,2,4,24
6036,1620,2,2,22
6037,2566,4,3,43
6038,378,6,1,61
6039,6906,9,2,92
6040,1974,0,6,06
6041,5244,2,0,20
6042,5597,5,4,54
6043,8057,5,0,50
6044,4092,1,8,18
6045,5863,3,2,32
6046,9033,3,4,34
6047,7172,9,6,96
6048,3742,7,3,73
6049,8948,8,5,85
6050,5892,7,3,73
6051,9422,2,5,25
6052,5868,2,9,29
6053,8573,5,7,57
6054,9773,7,7,77
6055,7521,9,5,95
6056,828,8,2,82
6057,7770,2,8,28
6058,6381,1,3,13
6059,8073,3,6,36
6060,7330,1,0,10
6061,1098,3,3,33
6062,5789,0,7,07
6063,6638,1,5,15
6064,2617,2,8,28
6065,5728,3,7,37
6066,6439,4,2,42
6067,8429,5,3,53
6068,654,6,5,65
6069,6540,7,1,71
6070,1373,8,6,86
6071,8450,9,2,92
6072,8499,0,6,06
6073,8219,1,1,11
6074,6681,2,3,23
6075,8408,3,8,38
6076,6056,4,8,48
6077,6961,5,1,51
6078,5997,6,5,65
6079,2682,7,5,75
6080,7635,8,2,82
6081,9969,9,1,91
6082,6524,0,9,09
6083,2366,1,1,11
6084,8801,2,3,23
6085,8368,3,6,36
6086,5861,4,7,47
6087,1108,5,6,56
6088,7604,6,2,62
6089,7683,7,2,72
6090,4450,8,1,81
6091,8672,9,1,91
6092,1818,1,6,16
6093,1475,2,6,26
6094,9911,6,0,60
6095,425,5,4,54
6096,5711,3,5,35
6097,1239,0,3,03
6098,5623,7,3,73
6099,2886,0,4,04
6100,6838,4,8,48
6101,1399,1,0,10
6102,9809,4,0,40
6103,6640,3,7,37
6104,8524,6,8,68
6105,6755,7,8,78
6106,7599,2,0,20
6107,2591,3,7,37
6108,3635,1,8,18
6109,7179,2,6,26
6110,7148,1,9,19
6111,7127,2,8,28
6112,4975,9,9,99
6113,4392,6,0,60
6114,6824,0,6,06
6115,8270,1,5,15
6116,2191,3,2,32
6117,7738,0,1,01
6118,4947,2,9,29
6119,7593,7,0,70
6120,2869,5,8,58
6121,1471,7,5,75
6122,5277,6,7,67
6123,3220,2,5,25
6124,2252,9,7,97
6125,2185,1,0,10
6126,1918,9,0,90
6127,4246,0,8,08
6128,4875,6,6,66
6129,4535,0,3,03
6130,4128,6,3,63
6131,3937,0,1,01
6132,8272,2,3,23
6133,7746,0,9,09
6134,543,6,8,68
6135,3777,1,1,11
6136,7705,5,6,56
6137,6659,8,8,88
6138,2513,4,7,47
6139,6981,3,5,35
6140,267,0,1,01
6141,8506,1,9,19
6142,8469,5,1,51
6143,259,4,6,46
6144,4106,4,3,43
6145,2038,8,8,88
6146,8683,5,2,52
6147,4096,7,8,78
6148,6866,5,5,55
6149,8773,7,4,74
6150,1040,8,1,81
6151,3470,3,5,35
6152,9428,4,5,45
6153,2124,8,4,84
6154,7412,8,2,82
6155,9566,5,7,57
6156,9296,2,0,20
6157,7258,9,6,96
6158,7177,7,4,74
6159,646,1,2,12
6160,4594,3,2,32
6161,6355,8,6,86
6162,4203,1,6,16
6163,808,0,3,03
6164,4948,7,8,78
6165,1350,5,1,51
6166,2727,9,5,95
6167,8451,6,3,63
6168,1847,9,5,95
6169,9078,4,8,48
6170,2773,7,5,75
6171,8242,7,8,78
6172,4614,9,0,90
6173,2568,9,0,90
6174,7679,3,5,35
6175,9100,4,3,43
6176,8322,4,9,49
6177,3838,3,7,37
6178,6032,8,9,89
6179,570,6,5,65
6180,9502,2,4,24
6181,369,0,3,03
6182,5907,1,2,12
6183,5791,2,0,20
6184,1301,3,4,34
6185,9904,4,2,42
6186,7996,5,5,55
6187,8740,6,1,61
6188,8468,7,0,70
6189,5010,8,6,86
6190,9777,9,5,95
6191,9000,0,7,07
6192,465,1,8,18
6193,457,2,6,26
6194,9717,3,3,33
6195,7020,4,6,46
6196,4784,5,7,57
6197,2184,6,2,62
6198,3052,7,0,70
6199,7740,8,3,83
6200,2969,9,5,95
6201,7081,0,9,09
6202,9466,1,9,19
6203,4087,2,3,23
6204,1657,3,1,31
6205,8559,4,1,41
6206,278,5,2,52
6207,3843,6,1,61
6208,2170,7,6,76
6209,5467,8,6,86
6210,6027,9,2,92
6211,2299,0,2,02
6212,9914,8,3,83
6213,721,3,0,30
6214,3443,9,3,93
6215,6026,5,7,57
6216,1904,5,9,59
6217,3561,2,4,24
6218,1176,6,0,60
6219,307,8,7,87
6220,1642,4,2,42
6221,3771,9,8,98
6222,9278,1,6,16
6223,4161,7,2,72
6224,313,1,3,13
6225,5239,2,4,24
6226,1014,3,6,36
6227,506,5,1,51
6228,6967,9,9,99
6229,7267,6,7,67
6230,4857,9,0,90
6231,9580,1,9,19
6232,650,1,6,16
6233,6674,1,7,17
6234,9805,2,4,24
6235,5287,9,7,97
6236,5941,5,9,59
6237,4137,6,8,68
6238,6249,8,9,89
6239,9616,1,5,15
6240,4412,2,6,26
6241,9442,0,2,02
6242,5343,7,8,78
6243,9732,7,8,78
6244,7472,5,2,52
6245,4748,8,8,88
6246,3167,2,3,23
6247,7941,9,8,98
6248,4652,8,4,84
6249,7614,9,7,97
6250,9455,0,0,00
6251,8122,4,5,45
6252,7398,6,3,63
6253,3500,7,4,74
6254,1705,1,7,17
6255,4992,3,0,30
6256,8392,4,4,44
6257,9521,5,2,52
6258,1840,6,3,63
6259,2284,0,3,03
6260,2415,3,2,32
6261,4591,6,6,66
6262,6110,8,1,81
6263,8991,7,0,70
6264,2088,0,9,09
6265,6090,4,8,48
6266,6335,2,7,27
6267,4879,7,8,78
6268,1106,4,6,46
6269,1491,7,6,76
6270,1731,5,3,53
6271,462,4,6,46
6272,7982,3,4,34
6273,5024,4,2,42
6274,43,2,2,22
6275,4170,8,1,81
6276,9267,1,4,14
6277,8862,5,1,51
6278,3182,1,6,16
6279,589,2,4,24
6280,6180,0,2,02
6281,2642,2,7,27
6282,7574,5,4,54
6283,4771,6,5,65
6284,2509,4,4,44
6285,7835,3,0,30
6286,5523,0,9,09
6287,156,0,6,06
6288,6780,0,4,04
6289,9408,3,9,39
6290,8971,3,1,31
6291,4212,5,1,51
6292,2581,7,5,75
6293,9524,0,3,03
6294,7699,6,0,60
6295,4177,4,5,45
6296,5571,8,5,85
6297,7508,8,2,82
6298,933,6,3,63
6299,5554,3,0,30
6300,9751,4,2,42
6301,9471,6,4,64
6302,8810,9,2,92
6303,7175,9,0,90
6304,4935,8,0,80
6305,1841,2,0,20
6306,1600,7,3,73
6307,8893,7,9,79
6308,6771,1,6,16
6309,2957,0,5,05
6310,5552,1,1,11
6311,5084,2,4,24
6312,7208,3,8,38
6313,8907,4,2,42
6314,38,5,2,52
6315,7392,6,7,67
6316,9257,7,7,77
6317,5753,8,9,89
6318,4232,9,1,91
6319,2380,0,9,09
6320,2841,1,7,17
6321,6137,2,8,28
6322,7841,3,3,33
6323,6248,4,8,48
6324,5851,5,4,54
6325,6453,6,3,63
6326,9270,7,7,77
6327,4716,8,2,82
6328,6797,0,2,02
6329,2592,1,0,10
6330,8727,2,7,27
6331,6601,3,1,31
6332,4165,4,8,48
6333,124,5,7,57
6334,8461,6,3,63
6335,601,7,8,78
6336,9411,8,4,84
6337,6942,2,5,25
6338,7426,1,9,19
6339,7880,7,6,76
6340,3294,2,7,27
6341,7266,5,2,52
6342,6352,0,2,02
6343,7529,8,3,83
6344,7920,0,1,01
6345,2113,2,5,25
6346,5652,7,0,70
6347,4115,8,2,82
6348,6023,8,3,83
6349,2045,3,3,33
6350,5846,6,8,68
6351,9539,0,9,09
6352,5681,2,6,26
6353,1344,7,6,76
6354,1164,6,7,67
6355,1834,6,1,61
6356,5112,1,1,11
6357,1048,2,9,29
6358,4387,8,2,82
6359,4707,8,8,88
6360,2537,7,4,74
6361,5290,7,0,70
6362,5372,4,7,47
6363,6324,7,5,75
6364,4433,7,7,77
6365,5601,3,8,38
6366,3252,7,6,76
6367,347,4,5,45
6368,3444,5,4,54
6369,2540,4,5,45
6370,7022,3,2,32
6371,6204,3,3,33
6372,942,8,6,86
6373,4374,4,5,45
6374,3060,1,9,19
6375,776,1,4,14
6376,7283,9,4,94
6377,2734,7,1,71
6378,2117,4,4,44
6379,3743,3,7,37
6380,1629,7,5,75
6381,1757,3,0,30
6382,7399,3,1,31
6383,2769,0,9,09
6384,2791,2,6,26
6385,4855,5,7,57
6386,4794,5,7,57
6387,7383,6,8,68
6388,3519,6,8,68
6389,6831,3,2,32
6390,6440,5,3,53
6391,7692,2,3,23
6392,3821,5,9,59
6393,4938,9,7,97
6394,4042,9,4,94
6395,4722,8,5,85
6396,2364,4,3,43
6397,4401,1,2,12
6398,1167,0,4,04
6399,9686,6,2,62
6400,3678,0,5,05
6401,6590,9,0,90
6402,3508,6,2,62
6403,1950,8,7,87
6404,7509,8,3,83
6405,4417,5,9,59
6406,9721,6,7,67
6407,6433,1,4,14
6408,5847,1,0,10
6409,3428,9,6,96
6410,9032,8,2,82
6411,8582,9,4,94
6412,8023,2,0,20
6413,6793,3,9,39
6414,9830,5,5,55
6415,4199,5,7,57
6416,986,9,6,96
6417,1289,4,5,45
6418,7152,2,6,26
6419,5835,1,7,17
6420,4316,9,9,99
6421,2342,3,9,39
6422,6718,9,9,99
6423,199,2,2,22
6424,3340,0,8,08
6425,7613,6,6,66
6426,3621,0,4,04
6427,6478,4,0,40
6428,2241,0,5,05
6429,670,0,4,04
6430,2027,1,1,11
6431,6096,2,3,23
6432,5449,3,2,32
6433,9569,4,2,42
6434,356,7,5,75
6435,8100,8,1,81
6436,4350,9,2,92
6437,5174,0,5,05
6438,8826,1,8,18
6439,1060,2,4,24
6440,660,3,4,34
6441,5636,7,2,72
6442,3158,8,8,88
6443,5852,9,5,95
6444,8336,0,6,06
6445,8425,1,0,10
6446,4,2,4,24
6447,2278,3,7,37
6448,6924,4,4,44
6449,8962,7,9,79
6450,5215,8,3,83
6451,8906,9,9,99
6452,8670,7,9,79
6453,7054,3,2,32
6454,3759,0,9,09
6455,8269,3,4,34
6456,6784,1,9,19
6457,7777,8,5,85
6458,1898,7,0,70
6459,6796,6,2,62
6460,4681,4,9,49
6461,8006,0,9,09
6462,3869,2,9,29
6463,2272,6,8,68
6464,4219,8,5,85
6465,5724,3,3,33
6466,4523,2,8,28
6467,6198,8,7,87
6468,2505,1,7,17
6469,1808,2,0,20
6470,3099,0,1,01
6471,2446,7,2,72
6472,9601,1,0,10
6473,5077,0,7,07
6474,5718,4,0,40
6475,8423,4,6,46
6476,9586,5,7,57
6477,8626,8,4,84
6478,6156,0,2,02
6479,9087,6,7,67
6480,9081,2,1,21
6481,7575,3,2,32
6482,9752,1,2,12
6483,4420,5,5,55
6484,5031,1,0,10
6485,6347,8,8,88
6486,2623,5,3,53
6487,9392,9,6,96
6488,1890,4,2,42
6489,3494,0,7,07
6490,4715,7,7,77
6491,6260,5,3,53
6492,4410,8,9,89
6493,1340,8,5,85
6494,2976,3,6,36
6495,2527,8,0,80
6496,7957,9,4,94
6497,937,2,6,26
6498,3844,6,2,62
6499,6731,2,7,27
6500,1189,5,1,51
6501,3989,3,0,30
6502,6847,1,6,16
6503,2631,7,0,70
6504,4294,3,9,39
6505,662,9,9,99
6506,6212,1,8,18
6507,9247,9,6,96
6508,8510,9,7,97
6509,5957,6,5,65
6510,540,0,5,05
6511,464,3,3,33
6512,3400,9,7,97
6513,475,2,4,24
6514,7773,8,2,82
6515,5703,1,3,13
6516,4958,4,0,40
6517,1745,3,9,39
6518,8118,5,1,51
6519,6076,2,4,24
6520,4532,9,3,93
6521,7639,2,3,23
6522,6890,5,4,54
6523,4001,8,4,84
6524,4436,9,9,99
6525,5335,5,4,54
6526,4355,0,5,05
6527,3269,1,6,16
6528,9572,2,8,28
6529,9326,4,8,48
6530,9199,5,0,50
6531,5958,6,6,66
6532,9604,0,3,03
6533,7459,1,9,19
6534,7712,2,6,26
6535,1449,3,9,39
6536,7890,4,1,41
6537,8026,5,3,53
6538,170,6,4,64
6539,2706,7,1,71
6540,8737,1,5,15
6541,6357,2,2,22
6542,4051,3,6,36
6543,4183,4,9,49
6544,5564,5,4,54
6545,1555,1,1,11
6546,2996,0,0,00
6547,3265,4,0,40
6548,2595,5,7,57
6549,687,6,3,63
6550,6745,6,3,63
6551,9547,3,2,32
6552,4120,4,3,43
6553,1354,4,3,43
6554,9952,2,0,20
6555,1092,8,3,83
6556,2873,1,0,10
6557,2826,0,6,06
6558,5951,6,9,69
6559,4768,4,4,44
6560,9386,9,9,99
6561,9823,7,7,77
6562,7912,2,7,27
6563,9201,3,2,32
6564,1178,3,4,34
6565,115,9,4,94
6566,8182,2,9,29
6567,4529,0,5,05
6568,549,9,2,92
6569,5186,3,1,31
6570,9107,3,8,38
6571,1799,9,7,97
6572,248,1,4,14
6573,3141,5,6,56
6574,8736,2,7,27
6575,1854,3,6,36
6576,4726,7,8,78
6577,6583,7,0,70
6578,2535,8,6,86
6579,8137,4,0,40
6580,1169,0,5,05
6581,4041,2,8,28
6582,5412,4,7,47
6583,9774,0,1,01
6584,5562,2,2,22
6585,6196,4,5,45
6586,6998,7,9,79
6587,8910,8,3,83
6588,8300,0,8,08
6589,9966,7,6,76
6590,6095,0,5,05
6591,1955,6,8,68
6592,5930,9,0,90
6593,1398,3,8,38
6594,514,2,6,26
6595,8382,8,0,80
6596,2733,6,0,60
6597,2827,0,1,01
6598,1641,5,5,55
6599,5594,7,1,71
6600,698,5,4,54
6601,49,1,4,14
6602,1207,0,2,02
6603,3974,8,1,81
6604,9080,1,0,10
6605,2663,6,3,63
6606,3164,7,6,76
6607,9443,2,1,21
6608,106,9,2,92
6609,1680,7,4,74
6610,6975,9,3,93
6611,2011,5,3,53
6612,1498,8,7,87
6613,5102,6,5,65
6614,5611,2,8,28
6615,172,6,2,62
6616,3290,2,3,23
6617,2930,8,5,85
6618,5994,1,6,16
6619,1260,7,7,77
6620,8760,5,6,56
6621,5983,0,2,02
6622,1505,1,7,17
6623,7030,1,7,17
6624,3030,3,6,36
6625,9427,8,5,85
6626,2920,4,6,46
6627,6446,9,2,92
6628,774,1,4,14
6629,165,8,5,85
6630,7519,6,3,63
6631,9222,8,1,81
6632,2407,9,7,97
6633,4218,0,8,08
6634,8829,1,4,14
6635,1897,2,1,21
6636,6079,3,7,37
6637,8509,4,1,41
6638,3981,5,9,59
6639,5669,6,0,60
6640,889,7,1,71
6641,787,8,8,88
6642,7132,9,9,99
6643,8462,0,4,04
6644,1200,1,8,18
6645,3225,2,7,27
6646,209,3,9,39
6647,8128,4,1,41
6648,9962,7,0,70
6649,7261,8,0,80
6650,5964,9,5,95
6651,4261,0,5,05
6652,8109,1,9,19
6653,9965,7,3,73
6654,2978,8,3,83
6655,8849,9,0,90
6656,5579,9,5,95
6657,198,8,4,84
6658,5752,9,5,95
6659,1231,8,0,80
6660,2974,4,1,41
6661,1789,1,3,13
6662,6186,7,5,75
6663,2312,7,3,73
6664,6113,3,6,36
6665,6016,3,0,30
6666,9345,7,1,71
6667,1042,6,3,63
6668,3811,6,2,62
6669,8201,6,3,63
6670,8605,1,6,16
6671,3224,9,8,98
6672,4690,0,7,07
6673,6964,1,5,15
6674,8105,7,8,78
6675,6410,6,8,68
6676,9344,3,4,34
6677,883,2,3,23
6678,7710,1,2,12
6679,6007,7,7,77
6680,9677,1,0,10
6681,398,3,4,34
6682,4367,9,2,92
6683,7037,1,0,10
6684,3634,7,0,70
6685,9814,6,5,65
6686,5617,8,4,84
6687,7619,4,2,42
6688,8645,1,5,15
6689,5541,4,2,42
6690,2732,3,6,36
6691,544,6,4,64
6692,6848,9,1,91
6693,2363,6,4,64
6694,9244,1,0,10
6695,8856,4,3,43
6696,7658,4,1,41
6697,321,7,2,72
6698,7694,2,8,28
6699,9440,4,0,40
6700,6331,4,3,43
6701,9190,0,1,01
6702,1963,1,4,14
6703,6928,2,1,21
6704,9882,3,3,33
6705,6401,4,9,49
6706,5349,5,8,58
6707,591,6,8,68
6708,9016,7,0,70
6709,5706,8,5,85
6710,3129,9,3,93
6711,2676,0,1,01
6712,3459,1,9,19
6713,7974,2,5,25
6714,1738,3,3,33
6715,1199,4,6,46
6716,5041,5,8,58
6717,5437,6,7,67
6718,3567,9,8,98
6719,8335,0,0,00
6720,6598,1,5,15
6721,2749,2,7,27
6722,3752,3,4,34
6723,1990,4,6,46
6724,5699,7,1,71
6725,3037,8,2,82
6726,4670,1,1,11
6727,9626,3,5,35
6728,6182,5,1,51
6729,3154,1,4,14
6730,1390,7,0,70
6731,2766,7,6,76
6732,1068,2,8,28
6733,8843,1,8,18
6734,8343,4,0,40
6735,5932,8,0,80
6736,4163,3,9,39
6737,1222,4,4,44
6738,5535,4,1,41
6739,211,3,5,35
6740,554,9,7,97
6741,4243,7,6,76
6742,908,4,4,44
6743,8988,1,1,11
6744,7587,2,2,22
6745,134,3,8,38
6746,7573,5,7,57
6747,2242,9,2,92
6748,179,1,8,18
6749,427,6,1,61
6750,4921,0,7,07
6751,2707,1,0,10
6752,6242,0,7,07
6753,5445,0,5,05
6754,1126,2,7,27
6755,2107,8,8,88
6756,8247,7,4,74
6757,9705,1,1,11
6758,9473,1,4,14
6759,9923,4,1,41
6760,4441,0,6,06
6761,8152,4,0,40
6762,2026,7,6,76
6763,997,3,0,30
6764,2628,6,7,67
6765,9535,8,2,82
6766,5778,0,0,00
6767,7734,3,7,37
6768,3986,7,2,72
6769,9951,4,0,40
6770,3693,0,9,09
6771,5255,6,0,60
6772,8695,9,4,94
6773,1920,2,4,24
6774,4330,6,5,65
6775,5354,5,6,56
6776,2988,8,0,80
6777,9060,6,0,60
6778,4325,9,9,99
6779,3774,0,0,00
6780,8791,4,7,47
6781,4663,0,9,09
6782,4664,6,3,63
6783,3683,1,6,16
6784,1764,9,0,90
6785,6701,2,0,20
6786,9367,0,0,00
6787,4571,9,6,96
6788,2759,5,6,56
6789,7351,1,5,15
6790,7026,3,3,33
6791,6358,7,8,78
6792,3809,6,1,61
6793,6231,9,1,91
6794,8306,3,1,31
6795,5968,0,9,09
6796,9206,2,9,29
6797,7036,2,5,25
6798,1773,0,1,01
6799,9562,1,9,19
6800,8367,2,1,21
6801,898,3,7,37
6802,9930,4,0,40
6803,7158,5,6,56
6804,1153,6,6,66
6805,2657,7,0,70
6806,8584,8,2,82
6807,9119,9,5,95
6808,3576,0,8,08
6809,2517,1,2,12
6810,2795,2,6,26
6811,5854,3,7,37
6812,1185,4,8,48
6813,9790,5,3,53
6814,7346,6,6,66
6815,8549,7,1,71
6816,5829,8,2,82
6817,7372,9,5,95
6818,174,0,2,02
6819,4133,1,2,12
6820,7250,2,3,23
6821,1650,3,0,30
6822,4428,4,1,41
6823,7512,5,6,56
6824,9753,6,0,60
6825,6580,7,0,70
6826,2174,8,3,83
6827,8263,9,3,93
6828,9528,2,0,20
6829,6122,1,6,16
6830,2150,7,6,76
6831,4585,2,9,29
6832,2516,5,9,59
6833,9360,0,5,05
6834,3397,8,4,84
6835,4424,0,9,09
6836,8546,2,6,26
6837,7240,7,5,75
6838,253,8,5,85
6839,5758,8,4,84
6840,5511,3,6,36
6841,4651,0,1,01
6842,8564,6,6,66
6843,329,0,1,01
6844,1112,2,4,24
6845,2051,7,1,71
6846,5387,6,8,68
6847,8619,6,0,60
6848,8239,1,1,11
6849,3802,2,2,22
6850,5097,8,7,87
6851,6725,8,8,88
6852,4008,7,6,76
6853,4509,7,3,73
6854,6123,4,2,42
6855,2223,7,4,74
6856,1854,7,6,76
6857,1246,3,0,30
6858,984,7,1,71
6859,7891,4,6,46
6860,939,5,2,52
6861,7530,4,4,44
6862,3542,3,4,34
6863,8111,3,0,30
6864,6391,8,2,82
6865,6190,4,9,49
6866,7958,5,5,55
6867,3572,4,7,47
6868,3511,1,2,12
6869,3932,1,2,12
6870,9302,9,7,97
6871,6788,7,5,75
6872,3064,4,8,48
6873,3514,3,2,32
6874,1446,7,2,72
6875,4363,3,9,39
6876,2722,3,1,31
6877,2589,0,9,09
6878,9183,2,4,24
6879,8016,5,0,50
6880,9736,5,6,56
6881,4676,6,1,61
6882,9617,3,6,36
6883,3051,1,6,16
6884,8449,5,1,51
6885,1938,2,4,24
6886,879,5,8,58
6887,2574,9,5,95
6888,3194,9,4,94
6889,8183,8,8,88
6890,7416,4,7,47
6891,4329,1,0,10
6892,3006,0,9,09
6893,2349,6,8,68
6894,323,0,3,03
6895,3946,9,2,92
6896,7648,6,7,67
6897,4672,8,0,80
6898,7344,8,1,81
6899,9147,5,7,57
6900,5361,6,1,61
6901,7541,1,5,15
6902,5814,1,3,13
6903,5149,9,2,92
6904,7806,8,1,81
6905,5241,9,0,90
6906,7696,2,4,24
6907,9955,3,1,31
6908,8413,5,8,58
6909,1692,5,0,50
6910,1355,9,7,97
6911,54,4,6,46
6912,9092,2,8,28
6913,7892,1,9,19
6914,1414,9,9,99
6915,7443,4,6,46
6916,7622,9,5,95
6917,8151,1,7,17
6918,6879,3,5,35
6919,1635,9,5,95
6920,7729,2,2,22
6921,8566,0,8,08
6922,2926,6,9,69
6923,7568,0,3,03
6924,7657,4,4,44
6925,1817,0,2,02
6926,1250,6,6,66
6927,9193,0,4,04
6928,5818,1,0,10
6929,308,2,4,24
6930,3356,3,7,37
6931,2876,4,6,46
6932,9964,5,0,50
6933,2649,6,0,60
6934,8031,7,2,72
6935,8911,8,7,87
6936,954,9,9,99
6937,227,0,4,04
6938,1186,1,7,17
6939,6676,2,3,23
6940,4562,3,2,32
6941,4979,4,5,45
6942,8321,5,7,57
6943,6044,6,1,61
6944,9192,7,3,73
6945,2400,8,5,85
6946,5205,9,7,97
6947,2686,0,5,05
6948,6412,1,2,12
6949,9166,2,7,27
6950,7581,3,1,31
6951,271,4,0,40
6952,6359,5,8,58
6953,2506,6,0,60
6954,6506,7,1,71
6955,3348,8,8,88
6956,688,9,6,96
6957,3387,3,9,39
6958,420,8,4,84
6959,6955,0,8,08
6960,8061,7,4,74
6961,8804,1,6,16
6962,8602,0,2,02
6963,8116,7,6,76
6964,7843,5,6,56
6965,3735,5,0,50
6966,117,6,4,64
6967,5345,9,4,94
6968,418,0,2,02
6969,3642,1,3,13
6970,8622,0,6,06
6971,6422,0,9,09
6972,2409,8,1,81
6973,9825,3,9,39
6974,2066,4,6,46
6975,6553,3,4,34
6976,5456,1,9,19
6977,142,5,3,53
6978,5500,0,4,04
6979,3237,0,1,01
6980,6739,9,3,93
6981,6677,5,2,52
6982,2573,3,5,35
6983,887,4,3,43
6984,611,9,0,90
6985,1560,3,8,38
6986,3108,7,3,73
6987,2144,6,6,66
6988,8472,9,4,94
6989,5756,2,0,20
6990,3392,4,9,49
6991,2872,5,4,54
6992,6690,7,3,73
6993,4205,2,2,22
6994,6658,6,9,69
6995,4057,4,1,41
6996,7354,9,0,90
6997,9098,4,4,44
6998,8220,9,4,94
6999,9731,4,7,47
7000,4706,1,9,19
7001,1128,2,3,23
7002,2016,2,7,27
7003,3484,5,3,53
7004,8645,8,5,85
7005,6388,1,6,16
7006,1038,3,1,31
7007,609,2,2,22
7008,5269,9,9,99
7009,6218,4,6,46
7010,4026,3,3,33
7011,870,8,6,86
7012,7117,2,3,23
7013,4255,2,5,25
7014,1884,1,1,11
7015,2792,2,9,29
7016,4486,8,8,88
7017,7875,6,3,63
7018,3308,5,7,57
7019,5879,1,2,12
7020,4402,6,2,62
7021,1016,7,2,72
7022,1197,2,0,20
7023,1105,1,9,19
7024,9175,3,3,33
7025,8284,9,7,97
7026,6151,3,3,33
7027,1035,8,6,86
7028,9671,7,5,75
7029,4677,5,7,57
7030,9283,7,3,73
7031,4985,0,2,02
7032,5111,7,5,75
7033,3629,4,8,48
7034,1701,8,4,84
7035,9745,8,4,84
7036,9565,5,4,54
7037,387,0,2,02
7038,116,6,4,64
7039,2416,6,1,61
7040,4770,3,3,33
7041,1720,7,4,74
7042,1006,6,7,67
7043,5570,9,5,95
7044,5985,9,5,95
7045,2305,4,3,43
7046,2118,8,6,86
7047,315,4,9,49
7048,2244,1,9,19
7049,2106,0,0,00
7050,2015,6,1,61
7051,876,6,8,68
7052,3588,0,8,08
7053,4346,1,6,16
7054,1945,2,1,21
7055,1675,3,8,38
7056,7885,4,4,44
7057,5590,5,1,51
7058,8784,6,9,69
7059,9997,7,4,74
7060,4887,8,0,80
7061,3993,9,7,97
7062,7855,0,0,00
7063,4944,1,2,12
7064,2365,2,7,27
7065,4533,3,1,31
7066,9306,4,6,46
7067,638,5,5,55
7068,4244,6,3,63
7069,2333,7,0,70
7070,9855,8,2,82
7071,2289,9,8,98
7072,5101,0,4,04
7073,7844,1,7,17
7074,4308,2,1,21
7075,7008,3,9,39
7076,847,4,3,43
7077,8781,5,9,59
7078,9414,6,0,60
7079,7160,7,5,75
7080,1485,8,2,82
7081,8070,9,3,93
7082,8214,7,5,75
7083,6323,4,4,44
7084,9068,0,8,08
7085,8758,4,1,41
7086,5134,0,5,05
7087,6576,1,7,17
7088,8259,7,9,79
7089,4805,9,2,92
7090,5914,5,7,57
7091,5407,1,2,12
7092,8686,4,5,45
7093,3275,2,5,25
7094,5757,8,9,89
7095,1391,9,4,94
7096,1877,4,8,48
7097,5135,3,9,39
7098,440,7,0,70
7099,8658,8,1,81
7100,2864,2,2,22
7101,6646,4,3,43
7102,6375,4,1,41
7103,3187,3,6,36
7104,992,3,9,39
7105,7146,6,8,68
7106,2370,9,0,90
7107,6383,9,0,90
7108,7015,5,2,52
7109,3517,8,4,84
7110,4691,6,1,61
7111,9188,7,9,79
7112,6312,0,3,03
7113,4238,6,7,67
7114,5166,8,1,81
7115,4941,2,2,22
7116,5692,6,2,62
7117,4933,3,5,35
7118,3179,9,0,90
7119,6592,3,9,39
7120,6100,2,4,24
7121,6694,8,1,81
7122,4589,6,1,61
7123,5493,1,8,18
7124,6988,7,9,79
7125,6767,4,3,43
7126,9587,8,9,89
7127,1622,8,9,89
7128,2679,9,2,92
7129,3677,0,0,00
7130,9763,3,0,30
7131,2379,3,1,31
7132,5093,9,1,91
7133,7969,0,1,01
7134,6756,5,7,57
7135,5056,2,5,25
7136,7498,9,5,95
7137,1347,4,7,47
7138,9149,1,6,16
7139,631,0,8,08
7140,5738,3,1,31
7141,6584,7,2,72
7142,2565,5,7,57
7143,9315,8,5,85
7144,2034,7,1,71
7145,739,7,5,75
7146,2175,8,1,81
7147,3221,2,3,23
7148,7229,9,2,92
7149,7151,7,2,72
7150,8138,1,1,11
7151,4166,2,0,20
7152,9693,6,6,66
7153,3302,4,6,46
7154,2603,2,9,29
7155,7496,5,9,59
7156,727,2,3,23
7157,9973,3,9,39
7158,4709,6,2,62
7159,5030,6,6,66
7160,1037,5,1,51
7161,3661,0,2,02
7162,5034,0,6,06
7163,9520,2,1,21
7164,2967,8,7,87
7165,9716,1,2,12
7166,2076,6,3,63
7167,6034,1,3,13
7168,4916,0,4,04
7169,344,4,8,48
7170,8202,3,7,37
7171,7826,1,5,15
7172,4971,6,5,65
7173,8709,1,4,14
7174,8046,9,8,98
7175,3958,0,2,02
7176,7524,1,8,18
7177,3115,4,5,45
7178,3994,5,5,55
7179,553,6,8,68
7180,7421,7,4,74
7181,3202,8,7,87
7182,4881,9,7,97
7183,3647,1,7,17
7184,1058,2,9,29
7185,8828,3,6,36
7186,1753,4,1,41
7187,6078,5,6,56
7188,746,6,7,67
7189,2067,7,0,70
7190,5513,0,0,00
7191,8443,1,1,11
7192,905,2,2,22
7193,7828,3,9,39
7194,2986,4,5,45
7195,4624,5,7,57
7196,1503,6,3,63
7197,4301,7,9,79
7198,4149,8,2,82
7199,4366,9,3,93
7200,2421,8,1,81
7201,4258,4,4,44
7202,6486,0,5,05
7203,4518,0,8,08
7204,3600,7,2,72
7205,4825,2,8,28
7206,9144,4,9,49
7207,2402,3,4,34
7208,5588,8,1,81
7209,1703,6,7,67
7210,5786,6,1,61
7211,571,3,4,34
7212,4195,2,1,21
7213,7850,6,5,65
7214,4572,3,8,38
7215,8746,3,2,32
7216,6409,0,9,09
7217,9189,1,0,10
7218,7871,4,8,48
7219,2101,7,2,72
7220,9143,8,1,81
7221,1983,0,3,03
7222,6877,3,0,30
7223,7452,1,0,10
7224,2303,9,3,93
7225,2524,0,1,01
7226,5721,1,0,10
7227,6675,9,6,96
7228,2888,1,7,17
7229,5682,2,5,25
7230,5916,7,6,76
7231,7932,0,3,03
7232,978,1,5,15
7233,8411,3,3,33
7234,6217,8,2,82
7235,3463,2,4,24
7236,8042,9,6,96
7237,4455,2,8,28
7238,3388,7,4,74
7239,9117,6,5,65
7240,8010,5,3,53
7241,9845,5,1,51
7242,8385,9,6,96
7243,6627,9,9,99
7244,6936,8,9,89
7245,6840,2,3,23
7246,7189,9,7,97
7247,3832,1,2,12
7248,4143,3,9,39
7249,3967,2,9,29
7250,4834,3,0,30
7251,7164,4,8,48
7252,3131,3,3,33
7253,2259,1,9,19
7254,1140,9,4,94
7255,5167,0,2,02
7256,5634,9,2,92
7257,2462,3,2,32
7258,2358,6,1,61
7259,2620,8,6,86
7260,1196,7,6,76
7261,2671,0,7,07
7262,8708,1,1,11
7263,8453,0,5,05
7264,1544,5,7,57
7265,7550,8,4,84
7266,1888,2,6,26
7267,998,7,8,78
7268,2755,7,9,79
7269,5582,0,9,09
7270,9508,1,0,10
7271,4017,2,4,24
7272,3253,3,1,31
7273,7406,4,2,42
7274,2137,5,1,51
7275,3782,6,8,68
7276,3564,7,6,76
7277,9075,8,5,85
7278,5946,9,4,94
7279,5828,0,0,00
7280,1774,1,8,18
7281,5774,2,4,24
7282,6001,3,8,38
7283,7822,4,1,41
7284,6569,5,3,53
7285,8136,6,9,69
7286,3646,7,0,70
7287,5622,8,9,89
7288,4978,9,8,98
7289,7962,0,9,09
7290,3715,1,3,13
7291,9310,2,0,20
7292,1029,3,8,38
7293,5798,4,7,47
7294,9664,5,2,52
7295,5807,6,5,65
7296,1989,7,4,74
7297,4880,8,0,80
7298,353,9,6,96
7299,873,1,2,12
7300,3360,7,7,77
7301,935,4,5,45
7302,6937,8,0,80
7303,6728,1,5,15
7304,4882,5,6,56
7305,2943,6,1,61
7306,5469,5,6,56
7307,7102,7,4,74
7308,4332,2,4,24
7309,9486,8,7,87
7310,8900,6,9,69
7311,9490,3,2,32
7312,1937,3,6,36
7313,2840,8,3,83
7314,759,6,9,69
7315,9322,5,8,58
7316,3291,4,4,44
7317,6262,0,8,08
7318,7324,9,5,95
7319,8638,1,7,17
7320,7479,7,3,73
7321,6127,2,0,20
7322,1521,9,5,95
7323,9469,1,7,17
7324,706,5,9,59
7325,2073,1,5,15
7326,8563,3,5,35
7327,4586,2,3,23
7328,1473,2,5,25
7329,2534,3,3,33
7330,7960,0,7,07
7331,5088,6,6,66
7332,8850,4,1,41
7333,4002,3,3,33
7334,8487,7,5,75
7335,263,6,7,67
7336,2154,9,1,91
7337,9170,0,9,09
7338,7010,4,3,43
7339,7277,8,8,88
7340,2318,1,0,10
7341,7937,4,4,44
7342,2941,0,9,09
7343,6738,6,4,64
7344,5388,1,9,19
7345,8370,2,3,23
7346,8502,6,5,65
7347,5550,9,1,91
7348,3071,2,2,22
7349,5302,2,5,25
7350,4311,3,3,33
7351,1534,5,0,50
7352,7723,5,0,50
7353,3312,1,5,15
7354,6683,0,1,01
7355,5739,7,2,72
7356,6337,7,2,72
7357,2753,9,1,91
7358,994,6,1,61
7359,7750,2,3,23
7360,2573,9,5,95
7361,7531,4,5,45
7362,1218,7,0,70
7363,1951,0,6,06
7364,5741,2,4,24
7365,7112,3,0,30
7366,7091,4,1,41
7367,532,0,4,04
7368,2555,0,3,03
7369,8260,8,0,80
7370,7721,8,6,86
7371,8258,8,8,88
7372,5788,5,6,56
7373,6492,1,8,18
7374,4306,3,3,33
7375,8694,7,3,73
7376,3298,4,4,44
7377,2690,9,3,93
7378,3043,8,0,80
7379,1158,8,4,84
7380,6910,9,9,99
7381,91,0,6,06
7382,6174,9,3,93
7383,3584,8,0,80
7384,2760,9,9,99
7385,3285,0,3,03
7386,498,2,0,20
7387,5655,6,7,67
7388,6999,5,4,54
7389,6112,6,9,69
7390,709,7,8,78
7391,9859,4,7,47
7392,9090,7,1,71
7393,6609,5,7,57
7394,8328,4,3,43
7395,404,1,2,12
7396,8521,3,2,32
7397,331,5,2,52
7398,5094,3,7,37
7399,368,1,6,16
7400,4222,2,3,23
7401,6880,3,5,35
7402,9165,4,9,49
7403,6713,5,2,52
7404,3299,6,3,63
7405,9001,1,6,16
7406,4256,2,3,23
7407,8562,3,4,34
7408,754,4,1,41
7409,2949,6,8,68
7410,8383,0,9,09
7411,2499,1,4,14
7412,6560,2,9,29
7413,4406,4,3,43
7414,7368,5,0,50
7415,1829,6,1,61
7416,7124,7,7,77
7417,5256,8,4,84
7418,7391,1,4,14
7419,6159,7,1,71
7420,1000,2,9,29
7421,127,4,5,45
7422,2545,1,5,15
7423,5481,4,6,46
7424,7288,1,9,19
7425,2740,4,9,49
7426,9615,9,4,94
7427,1138,6,2,62
7428,6171,8,7,87
7429,7990,4,1,41
7430,1389,5,8,58
7431,2542,3,6,36
7432,9324,7,1,71
7433,5019,8,3,83
7434,7946,4,3,43
7435,8050,3,3,33
7436,8464,3,6,36
7437,9311,5,0,50
7438,8352,6,1,61
7439,7345,7,2,72
7440,5270,0,0,00
7441,6637,6,4,64
7442,9851,1,7,17
7443,2937,6,0,60
7444,9878,8,1,81
7445,1412,7,2,72
7446,6125,0,1,01
7447,8466,1,8,18
7448,5763,5,2,52
7449,1970,0,5,05
7450,4304,8,1,81
7451,9543,5,7,57
7452,4277,0,3,03
7453,6888,1,9,19
7454,1828,5,3,53
7455,4613,8,3,83
7456,1934,4,1,41
7457,3177,2,3,23
7458,6420,3,9,39
7459,9155,9,1,91
7460,1909,7,1,71
7461,4430,6,3,63
7462,2852,9,8,98
7463,299,1,8,18
7464,9872,9,3,93
7465,8054,0,4,04
7466,9479,6,3,63
7467,6344,7,0,70
7468,2434,1,1,11
7469,2968,2,7,27
7470,1668,3,9,39
7471,7447,9,1,91
7472,4823,2,9,29
7473,4018,4,3,43
7474,508,5,6,56
7475,8887,5,1,51
7476,5394,3,8,38
7477,4753,7,8,78
7478,1936,5,2,52
7479,5627,3,9,39
7480,6692,1,9,19
7481,3092,8,1,81
7482,4668,2,2,22
7483,7200,2,8,28
7484,7278,3,9,39
7485,1400,0,6,06
7486,1836,2,1,21
7487,9558,9,3,93
7488,3134,4,2,42
7489,7510,9,4,94
7490,8662,7,4,74
7491,9235,0,3,03
7492,9671,2,5,25
7493,3845,7,8,78
7494,8475,4,7,47
7495,6129,9,0,90
7496,260,9,8,98
7497,2007,2,4,24
7498,2921,5,3,53
7499,2703,9,0,90
7500,4680,8,6,86
7501,1885,3,1,31
7502,7661,8,1,81
7503,3770,6,4,64
7504,6897,7,8,78
7505,7707,0,9,09
7506,8772,0,0,00
7507,3830,1,0,10
7508,2300,2,3,23
7509,2383,3,6,36
7510,6158,4,7,47
7511,6334,5,6,56
7512,518,6,5,65
7513,225,7,2,72
7514,4710,8,2,82
7515,6790,9,3,93
7516,2018,0,1,01
7517,2126,1,2,12
7518,4995,2,2,22
7519,2987,3,5,35
7520,4788,4,0,40
7521,3818,5,0,50
7522,5400,6,5,65
7523,9760,7,1,71
7524,681,8,9,89
7525,9694,9,8,98
7526,7119,0,3,03
7527,510,1,7,17
7528,9531,2,6,26
7529,6813,3,5,35
7530,3906,4,1,41
7531,5690,5,6,56
7532,9439,6,0,60
7533,2302,7,1,71
7534,4675,8,0,80
7535,7513,9,7,97
7536,9233,0,1,01
7537,4312,0,5,05
7538,2274,7,9,79
7539,458,2,8,28
7540,1797,6,3,63
7541,4806,5,1,51
7542,2582,5,9,59
7543,6629,3,8,38
7544,5875,7,8,78
7545,8688,8,7,87
7546,2108,6,2,62
7547,778,6,5,65
7548,8085,6,0,60
7549,1512,6,9,69
7550,9818,4,0,40
7551,2857,3,9,39
7552,3394,8,9,89
7553,5677,8,4,84
7554,443,3,0,30
7555,205,0,3,03
7556,2110,1,2,12
7557,4180,9,2,92
7558,606,0,8,08
7559,3529,5,9,59
7560,1510,4,5,45
7561,4020,1,8,18
7562,153,9,5,95
7563,829,1,4,14
7564,9770,2,5,25
7565,4597,7,1,71
7566,8947,0,4,04
7567,3359,1,0,10
7568,7414,3,5,35
7569,4083,8,7,87
7570,2786,2,1,21
7571,4303,9,1,91
7572,3630,2,3,23
7573,6289,7,3,73
7574,370,4,7,47
7575,421,2,2,22
7576,2616,6,5,65
7577,9415,5,1,51
7578,302,5,1,51
7579,9984,9,1,91
7580,7454,9,5,95
7581,5555,1,3,13
7582,3518,1,6,16
7583,5286,5,6,56
7584,6558,7,6,76
7585,7500,6,8,68
7586,8603,8,3,83
7587,4905,2,2,22
7588,4322,9,7,97
7589,8755,4,4,44
7590,3112,3,8,38
7591,8783,1,5,15
7592,7601,9,0,90
7593,950,0,7,07
7594,7839,9,1,91
7595,661,3,0,30
7596,597,6,0,60
7597,6925,8,0,80
7598,8362,7,3,73
7599,4837,0,7,07
7600,1526,1,0,10
7601,7896,0,1,01
7602,3935,5,6,56
7603,3150,8,3,83
7604,167,2,5,25
7605,1999,7,5,75
7606,9842,7,6,76
7607,5199,0,6,06
7608,8414,1,0,10
7609,3644,2,8,28
7610,3640,3,0,30
7611,4309,4,9,49
7612,9214,5,9,59
7613,3866,6,1,61
7614,4973,7,3,73
7615,5553,8,1,81
7616,4358,9,9,99
7617,3995,0,3,03
7618,7797,1,5,15
7619,2705,2,1,21
7620,7157,3,3,33
7621,2286,4,6,46
7622,7900,5,1,51
7623,1336,8,2,82
7624,3166,9,7,97
7625,5526,0,0,00
7626,7992,1,2,12
7627,4909,2,1,21
7628,8685,3,4,34
7629,4043,4,0,40
7630,2831,5,6,56
7631,8504,6,9,69
7632,5357,7,6,76
7633,8968,8,6,86
7634,922,9,2,92
7635,154,2,1,21
7636,4661,1,4,14
7637,7186,2,4,24
7638,6620,1,5,15
7639,1231,3,0,30
7640,5836,9,8,98
7641,8876,9,3,93
7642,6136,8,5,85
7643,517,5,6,56
7644,8896,3,6,36
7645,6900,7,6,76
7646,6534,0,2,02
7647,3965,7,3,73
7648,7422,7,1,71
7649,6294,5,6,56
7650,6599,7,7,77
7651,8724,9,1,91
7652,412,9,5,95
7653,5877,4,6,46
7654,8832,7,4,74
7655,697,0,4,04
7656,9552,3,0,30
7657,8929,4,0,40
7658,7389,1,6,16
7659,7415,5,6,56
7660,5592,8,0,80
7661,8511,1,4,14
7662,8869,4,6,46
7663,377,8,1,81
7664,102,4,5,45
7665,1837,1,3,13
7666,9319,8,9,89
7667,5396,6,6,66
7668,7681,6,6,66
7669,4167,4,2,42
7670,7477,6,7,67
7671,4404,0,0,00
7672,417,5,9,59
7673,4932,5,1,51
7674,8457,3,9,39
7675,9039,3,1,31
7676,3414,5,5,55
7677,8275,7,5,75
7678,8187,2,1,21
7679,4062,5,0,50
7680,711,9,5,95
7681,2820,6,7,67
7682,6825,9,7,97
7683,230,2,3,23
7684,1775,6,0,60
7685,2270,2,7,27
7686,33,1,4,14
7687,3815,2,1,21
7688,316,0,6,06
7689,3317,8,0,80
7690,4592,3,9,39
7691,8144,8,7,87
7692,6729,3,1,31
7693,7473,0,4,04
7694,820,8,6,86
7695,5837,7,9,79
7696,3700,4,4,44
7697,5299,9,9,99
7698,6762,5,7,57
7699,6087,0,5,05
7700,3977,9,3,93
7701,2675,7,4,74
7702,5170,0,5,05
7703,3877,0,5,05
7704,6538,4,6,46
7705,2576,6,1,61
7706,9897,0,0,00
7707,1284,9,3,93
7708,3803,1,0,10
7709,1954,6,5,65
7710,4883,2,6,26
7711,741,7,2,72
7712,4999,6,0,60
7713,5536,8,2,82
7714,3322,3,0,30
7715,733,5,9,59
7716,6285,2,3,23
7717,6933,1,6,16
7718,8789,8,6,86
7719,3533,3,4,34
7720,9110,8,8,88
7721,3057,6,2,62
7722,9293,1,9,19
7723,3609,0,7,07
7724,5332,2,6,26
7725,5519,1,0,10
7726,657,4,3,43
7727,48,0,4,04
7728,6233,1,1,11
7729,8675,2,4,24
7730,1087,3,5,35
7731,2384,4,0,40
7732,5714,5,7,57
7733,3243,6,0,60
7734,4774,7,1,71
7735,345,8,1,81
7736,286,9,6,96
7737,2681,0,3,03
7738,4314,1,9,19
7739,4049,2,7,27
7740,7255,3,0,30
7741,9741,4,9,49
7742,8625,5,2,52
7743,7134,6,5,65
7744,7357,7,9,79
7745,8983,8,0,80
7746,4861,9,7,97
7747,358,0,7,07
7748,8894,1,8,18
7749,9209,2,2,22
7750,37,3,1,31
7751,431,4,8,48
7752,6664,5,3,53
7753,3496,6,0,60
7754,5395,7,4,74
7755,3741,8,1,81
7756,6232,9,1,91
7757,3321,7,5,75
7758,9726,6,2,62
7759,3058,4,6,46
7760,2562,7,6,76
7761,8126,6,9,69
7762,9317,2,6,26
7763,6921,3,0,30
7764,2374,4,2,42
7765,8211,8,6,86
7766,3544,7,4,74
7767,1227,8,2,82
7768,7706,6,0,60
7769,3199,9,5,95
7770,2001,8,5,85
7771,4923,3,0,30
7772,9023,2,9,29
7773,6785,2,2,22
7774,6405,8,5,85
7775,3823,4,2,42
7776,8592,8,2,82
7777,6292,5,7,57
7778,3607,6,4,64
7779,6516,5,4,54
7780,9352,0,0,00
7781,4990,2,3,23
7782,4132,0,6,06
7783,7427,1,6,16
7784,7178,1,5,15
7785,2502,2,3,23
7786,324,9,0,90
7787,1501,6,9,69
7788,4046,8,4,84
7789,6082,2,0,20
7790,4649,1,6,16
7791,6987,0,6,06
7792,4252,6,6,66
7793,3888,5,9,59
7794,9555,2,6,26
7795,8787,9,8,98
7796,6160,7,3,73
7797,699,5,3,53
7798,121,3,4,34
7799,7061,9,9,99
7800,6490,3,7,37
7801,8847,7,5,75
7802,5790,1,9,19
7803,365,8,0,80
7804,7083,3,4,34
7805,2600,8,8,88
7806,9567,1,7,17
7807,9417,9,2,92
7808,8149,5,5,55
7809,2235,5,1,51
7810,3280,0,2,02
7811,2229,1,3,13
7812,3516,1,8,18
7813,3368,9,0,90
7814,4747,8,7,87
7815,71,2,0,20
7816,2670,6,5,65
7817,3806,0,5,05
7818,9291,4,1,41
7819,719,5,4,54
7820,9314,0,7,07
7821,1762,3,0,30
7822,8660,1,3,13
7823,7767,8,8,88
7824,5367,6,2,62
7825,6077,7,5,75
7826,6822,5,4,54
7827,6099,9,0,90
7828,6293,9,0,90
7829,3185,3,0,30
7830,8691,0,0,00
7831,5748,3,2,32
7832,1998,1,9,19
7833,8725,4,8,48
7834,8455,4,7,47
7835,2425,0,8,08
7836,2913,4,5,45
7837,317,9,5,95
7838,3438,0,1,01
7839,3527,1,3,13
7840,3218,2,6,26
7841,4192,3,4,34
7842,2228,5,1,51
7843,9134,6,0,60
7844,238,7,4,74
7845,3093,8,5,85
7846,3175,0,1,01
7847,8581,1,3,13
7848,7999,2,8,28
7849,6869,3,1,31
7850,8497,5,7,57
7851,210,6,4,64
7852,6003,7,0,70
7853,4276,8,3,83
7854,4185,9,1,91
7855,4296,0,2,02
7856,7038,1,6,16
7857,689,2,7,27
7858,8069,3,2,32
7859,5305,5,0,50
7860,4319,6,9,69
7861,6916,7,9,79
7862,4600,8,3,83
7863,1418,9,9,99
7864,2289,9,8,98
7865,974,7,2,72
7866,6400,0,0,00
7867,4239,9,6,96
7868,696,0,1,01
7869,7749,1,2,12
7870,613,5,2,52
7871,3331,8,6,86
7872,3304,8,6,86
7873,4845,0,8,08
7874,6199,9,8,98
7875,7451,3,5,35
7876,8494,2,3,23
7877,3269,7,6,76
7878,6754,8,2,82
7879,6275,4,8,48
7880,8857,6,8,68
7881,2569,1,5,15
7882,3985,0,9,09
7883,2268,4,7,47
7884,5373,9,9,99
7885,8145,4,8,48
7886,1229,2,8,28
7887,8262,0,2,02
7888,1008,5,1,51
7889,7732,0,5,05
7890,9297,1,0,10
7891,557,6,7,67
7892,3679,9,1,91
7893,9575,3,8,38
7894,6396,2,4,24
7895,4777,9,8,98
7896,5498,1,7,17
7897,2801,6,6,66
7898,4067,0,5,05
7899,6945,1,8,18
7900,4847,1,1,11
7901,4253,8,8,88
7902,4107,7,7,77
7903,7367,7,0,70
7904,311,6,0,60
7905,1809,3,7,37
7906,8878,6,5,65
7907,380,0,0,00
7908,2546,7,5,75
7909,2579,2,8,28
7910,292,4,9,49
7911,1083,1,1,11
7912,8884,7,6,76
7913,3736,0,7,07
7914,4072,6,5,65
7915,8775,7,4,74
7916,6858,1,7,17
7917,5043,2,0,20
7918,7830,5,0,50
7919,797,8,5,85
7920,2226,1,0,10
7921,3077,8,0,80
7922,3852,2,1,21
7923,5954,8,2,82
7924,1210,7,2,72
7925,2346,6,5,65
7926,2395,8,8,88
7927,928,7,9,79
7928,3390,1,3,13
7929,6832,6,5,65
7930,8752,2,0,20
7931,2847,9,4,94
7932,8243,3,0,30
7933,4154,0,9,09
7934,1624,1,7,17
7935,5918,2,0,20
7936,6178,3,8,38
7937,794,4,0,40
7938,5633,5,5,55
7939,4078,6,9,69
7940,4860,7,4,74
7941,8025,8,2,82
7942,5746,9,1,91
7943,7294,0,5,05
7944,6053,1,5,15
7945,7064,2,2,22
7946,2371,3,4,34
7947,5148,4,1,41
7948,3350,5,6,56
7949,8317,6,4,64
7950,5574,7,5,75
7951,355,8,8,88
7952,3789,9,1,91
7953,1579,0,6,06
7954,5862,1,5,15
7955,3550,2,6,26
7956,4873,3,3,33
7957,8508,4,3,43
7958,7976,5,4,54
7959,3902,6,5,65
7960,4705,7,2,72
7961,8283,8,0,80
7962,6104,9,6,96
7963,744,8,2,82
7964,4342,9,2,92
7965,9123,5,2,52
7966,8599,7,9,79
7967,1369,0,7,07
7968,3754,3,5,35
7969,1903,1,7,17
7970,15,6,5,65
7971,9807,8,8,88
7972,9589,4,6,46
7973,5808,1,7,17
7974,2784,5,2,52
7975,7027,6,8,68
7976,3341,4,4,44
7977,4735,2,9,29
7978,8212,7,0,70
7979,3660,8,0,80
7980,2442,1,7,17
7981,6522,3,5,35
7982,3235,4,4,44
7983,4700,3,9,39
7984,7637,4,2,42
7985,6142,7,5,75
7986,3824,2,3,23
7987,5504,0,3,03
7988,5727,5,6,56
7989,6457,0,8,08
7990,6225,1,2,12
7991,1191,9,0,90
7992,3686,2,3,23
7993,4994,3,7,37
7994,3249,2,4,24
7995,8374,3,9,39
7996,4582,5,2,52
7997,526,5,3,53
7998,8115,7,3,73
7999,8696,8,5,85
8000,7339,4,8,48
8001,7628,9,3,93
8002,2883,9,9,99
8003,8339,7,8,78
8004,3204,1,8,18
8005,1905,1,6,16
8006,9894,9,7,97
8007,1307,0,6,06
8008,226,7,8,78
8009,2406,8,9,89
8010,9238,3,3,33
8011,5492,4,3,43
8012,8957,8,3,83
8013,1219,6,8,68
8014,4641,3,0,30
8015,9704,8,0,80
8016,7548,0,6,06
8017,2097,9,6,96
8018,4673,6,9,69
8019,2810,2,5,25
8020,4824,1,0,10
8021,47,0,2,02
8022,9366,1,6,16
8023,140,0,6,06
8024,7361,6,4,64
8025,9549,2,1,21
8026,5499,3,1,31
8027,2525,8,5,85
8028,9391,9,5,95
8029,76,0,3,03
8030,3289,7,8,78
8031,2965,2,1,21
8032,9106,3,3,33
8033,3344,4,6,46
8034,6857,5,3,53
8035,1921,5,6,56
8036,555,2,4,24
8037,9041,8,6,86
8038,135,5,1,51
8039,7753,4,6,46
8040,5179,6,7,67
8041,8886,6,4,64
8042,40,6,1,61
8043,5075,7,8,78
8044,8227,9,9,99
8045,8019,1,2,12
8046,7640,8,9,89
8047,3936,2,7,27
8048,3025,1,4,14
8049,5886,5,6,56
8050,6189,3,8,38
8051,6794,4,3,43
8052,8545,7,1,71
8053,8192,9,5,95
8054,4446,4,6,46
8055,6828,0,2,02
8056,6372,0,8,08
8057,6605,0,6,06
8058,5283,1,3,13
8059,4683,2,9,29
8060,4307,3,5,35
8061,7228,4,1,41
8062,602,5,6,56
8063,8577,6,4,64
8064,7504,7,7,77
8065,3272,8,1,81
8066,9639,9,4,94
8067,9352,0,0,00
8068,861,1,6,16
8069,7616,2,9,29
8070,8498,3,2,32
8071,1716,4,7,47
8072,6594,5,2,52
8073,6635,6,2,62
8074,8523,7,9,79
8075,783,8,1,81
8076,7848,9,2,92
8077,2691,0,8,08
8078,4557,1,6,16
8079,7721,2,6,26
8080,6597,3,0,30
8081,1264,4,4,44
8082,1329,5,1,51
8083,7052,6,0,60
8084,3487,9,3,93
8085,2459,0,2,02
8086,2557,1,0,10
8087,3934,3,8,38
8088,463,1,6,16
8089,1695,5,9,59
8090,6041,1,2,12
8091,4059,2,5,25
8092,4542,4,0,40
8093,6941,9,4,94
8094,2398,2,1,21
8095,7394,4,4,44
8096,2069,6,3,63
8097,1747,8,5,85
8098,5415,0,0,00
8099,7486,1,2,12
8100,6195,1,4,14
8101,2875,9,9,99
8102,9533,2,5,25
8103,2138,6,2,62
8104,1602,6,6,66
8105,3760,8,9,89
8106,8519,7,7,77
8107,8717,4,9,49
8108,3219,2,0,20
8109,9802,9,1,91
8110,5803,7,8,78
8111,237,0,2,02
8112,5801,2,6,26
8113,184,1,8,18
8114,1055,0,7,07
8115,2500,3,2,32
8116,5841,6,3,63
8117,9779,0,2,02
8118,123,1,6,16
8119,7033,2,4,24
8120,2288,3,3,33
8121,6121,4,7,47
8122,1815,5,4,54
8123,9655,6,3,63
8124,507,7,3,73
8125,1047,8,0,80
8126,3991,9,6,96
8127,1554,0,9,09
8128,2391,1,2,12
8129,8833,2,7,27
8130,4650,3,0,30
8131,218,4,5,45
8132,6562,5,2,52
8133,7089,6,9,69
8134,5793,7,6,76
8135,3998,8,4,84
8136,4480,9,9,99
8137,2387,0,9,09
8138,1228,1,9,19
8139,8912,2,8,28
8140,8734,3,7,37
8141,7961,4,8,48
8142,5894,5,9,59
8143,1879,6,5,65
8144,9275,7,3,73
8145,3151,8,2,82
8146,7537,9,0,90
8147,8790,8,4,84
8148,9868,6,7,67
8149,2680,5,4,54
8150,6752,9,0,90
8151,2165,7,4,74
8152,9656,0,3,03
8153,4870,2,2,22
8154,4019,3,6,36
8155,1725,4,6,46
8156,655,3,8,38
8157,4453,8,7,87
8158,641,5,8,58
8159,7786,1,9,19
8160,2019,5,9,59
8161,4843,2,9,29
8162,6758,3,1,31
8163,6843,0,0,00
8164,7306,1,5,15
8165,6666,2,7,27
8166,3740,1,3,13
8167,7560,3,4,34
8168,9459,2,0,20
8169,2893,6,3,63
8170,8652,5,5,55
8171,7595,3,3,33
8172,6579,0,4,04
8173,3371,7,0,70
8174,242,2,8,28
8175,3032,7,0,70
8176,4755,4,3,43
8177,7206,6,4,64
8178,4738,4,4,44
8179,7852,0,7,07
8180,1045,5,9,59
8181,2133,9,2,92
8182,1010,9,4,94
8183,5017,8,9,89
8184,7070,9,8,98
8185,3645,5,5,55
8186,9793,3,6,36
8187,740,1,4,14
8188,7376,7,4,74
8189,701,4,0,40
8190,9718,7,4,74
8191,7389,6,6,66
8192,8811,5,3,53
8193,8946,4,3,43
8194,9184,0,5,05
8195,3270,0,6,06
8196,7979,6,8,68
8197,9938,6,6,66
8198,4612,2,7,27
8199,6154,0,8,08
8200,4139,6,6,66
8201,1241,3,7,37
8202,8572,7,6,76
8203,1714,7,9,79
8204,5453,4,1,41
8205,4640,4,8,48
8206,7069,3,7,37
8207,1175,9,7,97
8208,5487,2,2,22
8209,2842,8,0,80
8210,4655,9,1,91
8211,2190,6,0,60
8212,5781,0,9,09
8213,4279,9,2,92
8214,7293,5,4,54
8215,5772,3,2,32
8216,8792,8,6,86
8217,618,8,5,85
8218,3254,7,6,76
8219,2914,1,3,13
8220,6836,4,2,42
8221,1192,0,9,09
8222,9613,4,2,42
8223,628,8,3,83
8224,1152,5,9,59
8225,3587,2,9,29
8226,6953,3,6,36
8227,2995,9,6,96
8228,2346,0,5,05
8229,4934,1,6,16
8230,8316,9,7,97
8231,382,1,3,13
8232,4478,5,8,58
8233,6268,1,4,14
8234,6058,7,1,71
8235,9883,4,5,45
8236,183,8,0,80
8237,8921,6,0,60
8238,568,2,6,26
8239,6482,1,1,11
8240,7624,6,9,69
8241,4114,8,2,82
8242,6667,8,6,86
8243,1565,0,0,00
8244,2746,1,1,11
8245,7090,2,5,25
8246,702,3,7,37
8247,6297,4,8,48
8248,9224,7,4,74
8249,2064,8,5,85
8250,5516,9,3,93
8251,3531,0,3,03
8252,4868,1,7,17
8253,4139,2,6,26
8254,7834,3,4,34
8255,4099,4,7,47
8256,8153,6,2,62
8257,7245,7,2,72
8258,9354,8,8,88
8259,5447,9,9,99
8260,8290,0,3,03
8261,4016,1,9,19
8262,4006,2,1,21
8263,1101,3,8,38
8264,3928,4,5,45
8265,5231,7,8,78
8266,4292,8,1,81
8267,735,9,1,91
8268,6922,1,6,16
8269,469,4,5,45
8270,1056,5,2,52
8271,7334,3,7,37
8272,9265,3,1,31
8273,3619,0,5,05
8274,8815,9,7,97
8275,8875,5,1,51
8276,4786,4,9,49
8277,9817,3,8,38
8278,7772,0,2,02
8279,7444,8,8,88
8280,6706,4,5,45
8281,3054,6,7,67
8282,8480,7,7,77
8283,4836,0,3,03
8284,6386,7,5,75
8285,9241,7,1,71
8286,3144,1,6,16
8287,8173,6,7,67
8288,5475,9,2,92
8289,6302,1,9,19
8290,8785,3,3,33
8291,8169,6,6,66
8292,6033,2,6,26
8293,550,3,7,37
8294,9672,8,4,84
8295,9017,2,1,21
8296,3702,3,5,35
8297,8427,8,1,81
8298,6896,9,6,96
8299,1019,5,1,51
8300,6912,8,2,82
8301,7859,8,5,85
8302,6271,7,4,74
8303,8381,1,2,12
8304,2915,7,7,77
8305,6326,1,7,17
8306,8463,1,5,15
8307,5953,0,1,01
8308,5670,3,7,37
8309,7167,4,1,41
8310,5321,2,0,20
8311,9723,6,9,69
8312,2484,4,7,47
8313,3537,7,5,75
8314,4368,4,5,45
8315,7956,2,3,23
8316,4579,7,6,76
8317,6368,4,5,45
8318,2094,2,4,24
8319,975,9,2,92
8320,8864,2,3,23
8321,454,7,9,79
8322,9463,9,7,97
8323,141,2,7,27
8324,970,1,5,15
8325,6724,0,7,07
8326,4005,6,1,61
8327,243,5,7,57
8328,1484,3,1,31
8329,6384,4,2,42
8330,1494,8,7,87
8331,7567,5,1,51
8332,1519,9,3,93
8333,4828,6,5,65
8334,3951,9,8,98
8335,9268,0,5,05
8336,5949,6,7,67
8337,4204,3,2,32
8338,4565,0,6,06
8339,7234,8,8,88
8340,4010,1,1,11
8341,2420,6,9,69
8342,3121,0,6,06
8343,8432,0,1,01
8344,8501,1,0,10
8345,1276,2,7,27
8346,5141,3,0,30
8347,9610,4,9,49
8348,8548,5,0,50
8349,7088,6,7,67
8350,6042,7,5,75
8351,1135,0,5,05
8352,6438,1,1,11
8353,9145,2,2,22
8354,67,3,4,34
8355,4479,4,9,49
8356,1871,7,2,72
8357,4291,8,4,84
8358,2460,9,5,95
8359,8185,0,5,05
8360,3549,1,3,13
8361,5762,2,1,21
8362,2765,3,0,30
8363,3276,4,1,41
8364,4826,7,4,74
8365,3668,2,2,22
8366,4496,5,8,58
8367,4590,1,4,14
8368,2655,6,1,61
8369,4578,4,7,47
8370,2554,3,5,35
8371,5294,9,4,94
8372,6983,9,4,94
8373,3687,0,9,09
8374,5925,9,3,93
8375,2790,7,5,75
8376,5142,1,8,18
8377,1281,6,5,65
8378,3982,4,0,40
8379,1334,3,5,35
8380,9356,6,1,61
8381,7838,2,0,20
8382,5058,0,7,07
8383,530,9,9,99
8384,9848,8,1,81
8385,7516,6,0,60
8386,1087,5,5,55
8387,750,7,0,70
8388,204,0,1,01
8389,3712,0,6,06
8390,9300,1,7,17
8391,6309,7,0,70
8392,9056,4,3,43
8393,1337,3,2,32
8394,3673,2,1,21
8395,9798,4,2,42
8396,3918,1,5,15
8397,955,3,5,35
8398,6200,7,9,79
8399,6270,6,5,65
8400,8624,4,3,43
8401,2397,7,2,72
8402,2004,7,8,78
8403,9746,7,7,77
8404,6080,9,8,98
8405,3062,8,8,88
8406,2059,4,7,47
8407,6680,3,1,31
8408,4940,8,3,83
8409,8934,2,8,28
8410,1536,8,6,86
8411,4643,3,1,31
8412,4184,5,9,59
8413,7450,8,8,88
8414,5573,0,3,03
8415,9766,5,4,54
8416,7538,4,7,47
8417,1017,7,6,76
8418,6636,1,3,13
8419,1530,3,8,38
8420,4293,1,9,19
8421,8237,7,6,76
8422,4396,9,4,94
8423,5529,6,0,60
8424,1684,2,5,25
8425,502,0,5,05
8426,7468,9,1,91
8427,4317,1,3,13
8428,4037,7,6,76
8429,2780,3,2,32
8430,1698,3,6,36
8431,6120,9,5,95
8432,5459,1,0,10
8433,5969,6,4,64
8434,8323,4,2,42
8435,1630,3,1,31
8436,8823,9,5,95
8437,1481,8,9,89
8438,7501,2,3,23
8439,5137,1,9,19
8440,1910,8,5,85
8441,9152,6,4,64
8442,9387,4,0,40
8443,320,1,9,19
8444,86,5,7,57
8445,5410,5,5,55
8446,7605,6,7,67
8447,8550,5,2,52
8448,9644,0,7,07
8449,3675,1,2,12
8450,6133,2,0,20
8451,1887,3,7,37
8452,4089,4,7,47
8453,5910,5,5,55
8454,206,6,9,69
8455,8271,7,3,73
8456,5086,8,2,82
8457,5155,9,0,90
8458,5265,0,6,06
8459,6500,1,5,15
8460,5098,2,5,25
8461,196,3,1,31
8462,1203,4,0,40
8463,3334,5,5,55
8464,3186,6,8,68
8465,9347,7,4,74
8466,406,8,5,85
8467,4534,9,9,99
8468,1511,0,4,04
8469,6175,1,4,14
8470,9231,2,3,23
8471,2127,3,0,30
8472,2927,4,3,43
8473,8072,5,5,55
8474,5187,6,5,65
8475,7942,7,9,79
8476,7016,8,8,88
8477,8431,9,9,99
8478,3962,6,3,63
8479,2693,9,1,91
8480,2325,7,7,77
8481,4241,0,0,00
8482,835,2,1,21
8483,311,3,0,30
8484,9881,4,3,43
8485,7653,3,4,34
8486,8150,8,9,89
8487,3664,5,9,59
8488,793,1,8,18
8489,1613,3,8,38
8490,1425,0,8,08
8491,8532,1,2,12
8492,8853,2,5,25
8493,4769,1,9,19
8494,2037,3,5,35
8495,4765,2,6,26
8496,7066,0,4,04
8497,9419,7,7,77
8498,5403,2,8,28
8499,2017,6,1,61
8500,9739,4,0,40
8501,5479,0,3,03
8502,7211,5,3,53
8503,8211,9,6,96
8504,4255,9,5,95
8505,4974,8,4,84
8506,3689,9,1,91
8507,9446,5,2,52
8508,551,3,7,37
8509,8092,1,4,14
8510,7247,7,1,71
8511,2063,4,7,47
8512,1861,7,1,71
8513,2337,0,6,06
8514,461,0,6,06
8515,3100,6,5,65
8516,9128,6,4,64
8517,3652,6,1,61
8518,6201,3,0,30
8519,7755,7,8,78
8520,1005,4,9,49
8521,6303,2,9,29
8522,6647,8,4,84
8523,8844,9,2,92
8524,764,8,2,82
8525,8769,7,6,76
8526,6397,1,1,11
8527,8273,4,0,40
8528,5978,0,1,01
8529,6642,4,9,49
8530,8993,8,4,84
8531,5673,5,0,50
8532,3857,2,9,29
8533,6342,3,0,30
8534,7965,9,5,95
8535,9239,0,0,00
8536,2621,1,2,12
8537,3015,9,3,93
8538,8251,1,0,10
8539,6918,5,3,53
8540,5525,1,4,14
8541,56,7,4,74
8542,9286,6,8,68
8543,6720,1,1,11
8544,6394,2,9,29
8545,7631,1,6,16
8546,9734,6,7,67
8547,2243,8,7,87
8548,7543,0,3,03
8549,6075,1,3,13
8550,936,2,8,28
8551,1154,3,0,30
8552,1759,4,8,48
8553,1584,5,8,58
8554,1091,6,7,67
8555,2326,7,0,70
8556,1300,8,4,84
8557,644,9,0,90
8558,6612,0,8,08
8559,6904,1,8,18
8560,504,2,1,21
8561,9318,3,2,32
8562,7341,4,4,44
8563,3059,5,7,57
8564,779,6,5,65
8565,478,7,5,75
8566,9148,8,6,86
8567,8621,0,0,00
8568,6070,1,8,18
8569,1036,2,2,22
8570,3258,3,2,32
8571,8495,5,2,52
8572,5420,6,5,65
8573,3142,7,2,72
8574,7505,8,0,80
8575,2651,1,6,16
8576,2267,0,6,06
8577,512,4,2,42
8578,3988,5,8,58
8579,3173,6,6,66
8580,2258,6,1,61
8581,8082,3,5,35
8582,5787,4,9,49
8583,5524,4,1,41
8584,3457,2,1,21
8585,2396,8,2,82
8586,8409,1,2,12
8587,6956,0,9,09
8588,9397,6,9,69
8589,1697,4,9,49
8590,4658,9,7,97
8591,8924,7,3,73
8592,7419,2,7,27
8593,8594,9,2,92
8594,4403,2,0,20
8595,8984,0,7,07
8596,9449,9,8,98
8597,8191,3,6,36
8598,4704,3,6,36
8599,9874,9,2,92
8600,7528,1,2,12
8601,7790,5,1,51
8602,7615,2,8,28
8603,1548,3,1,31
8604,4297,1,7,17
8605,5866,6,7,67
8606,8139,7,2,72
8607,9668,3,9,39
8608,8065,7,8,78
8609,8329,8,4,84
8610,9632,4,6,46
8611,7359,0,2,02
8612,1919,2,7,27
8613,6865,4,4,44
8614,4652,0,4,04
8615,5619,2,6,26
8616,5040,4,7,47
8617,7759,7,4,74
8618,6154,8,8,88
8619,8556,0,8,08
8620,4737,7,8,78
8621,3688,0,6,06
8622,6766,6,0,60
8623,5213,9,6,96
8624,5103,3,8,38
8625,169,2,4,24
8626,7231,4,0,40
8627,6606,8,7,87
8628,6149,6,7,67
8629,6748,0,1,01
8630,5423,5,8,58
8631,6602,7,0,70
8632,6209,5,8,58
8633,4914,1,6,16
8634,1405,0,5,05
8635,2609,8,6,86
8636,7162,1,0,10
8637,6771,6,6,66
8638,5549,7,7,77
8639,379,2,4,24
8640,2132,9,7,97
8641,3558,7,5,75
8642,7534,9,8,98
8643,7766,5,7,57
8644,3933,6,2,62
8645,8976,5,1,51
8646,2992,2,3,23
8647,9707,6,3,63
8648,7131,2,3,23
8649,8104,8,6,86
8650,4024,1,4,14
8651,2748,7,0,70
8652,7358,5,6,56
8653,5653,5,0,50
8654,3859,7,9,79
8655,9614,3,3,33
8656,492,5,2,52
8657,7935,0,2,02
8658,8350,1,7,17
8659,9920,1,8,18
8660,7043,3,9,39
8661,2694,8,9,89
8662,1458,4,6,46
8663,41,9,7,97
8664,2381,4,8,48
8665,4723,5,2,52
8666,4423,1,7,17
8667,416,8,1,81
8668,9907,6,5,65
8669,4617,8,0,80
8670,6864,9,8,98
8671,3456,0,3,03
8672,1742,1,3,13
8673,3523,2,4,24
8674,4631,3,0,30
8675,3082,4,3,43
8676,3796,5,2,52
8677,5486,6,1,61
8678,982,7,3,73
8679,5494,8,2,82
8680,4842,9,4,94
8681,9557,0,8,08
8682,9906,1,4,14
8683,7792,2,6,26
8684,8281,3,6,36
8685,2515,4,5,45
8686,5251,5,0,50
8687,4135,6,2,62
8688,2224,7,5,75
8689,9579,8,3,83
8690,9946,9,1,91
8691,9274,0,1,01
8692,2207,1,5,15
8693,1395,2,2,22
8694,5217,3,2,32
8695,8330,4,8,48
8696,1462,5,2,52
8697,5960,6,8,68
8698,692,7,5,75
8699,7499,8,9,89
8700,3326,9,3,93
8701,9062,3,2,32
8702,8897,5,9,59
8703,8830,3,2,32
8704,2250,2,9,29
8705,4263,9,5,95
8706,1331,3,5,35
8707,3383,2,6,26
8708,1374,1,2,12
8709,3283,4,3,43
8710,8814,5,6,56
8711,8840,5,3,53
8712,5433,2,8,28
8713,2860,3,6,36
8714,8058,2,1,21
8715,4456,1,2,12
8716,8689,3,8,38
8717,6548,9,5,95
8718,6051,7,2,72
8719,7103,2,3,23
8720,5926,1,4,14
8721,5249,2,0,20
8722,3657,8,6,86
8723,2043,9,4,94
8724,2803,1,1,11
8725,5169,8,4,84
8726,2177,8,8,88
8727,93,7,3,73
8728,9728,8,4,84
8729,9194,1,5,15
8730,8553,0,5,05
8731,7559,0,5,05
8732,7878,6,8,68
8733,7482,7,2,72
8734,4798,7,6,76
8735,401,8,8,88
8736,5160,7,5,75
8737,7009,5,4,54
8738,6889,0,8,08
8739,599,6,9,69
8740,6818,1,0,10
8741,3805,5,0,50
8742,70,7,7,77
8743,2111,4,8,48
8744,1928,6,3,63
8745,7554,1,3,13
8746,7442,2,1,21
8747,7259,5,8,58
8748,3376,0,7,07
8749,1902,7,5,75
8750,3314,9,1,91
8751,3502,9,8,98
8752,2672,0,6,06
8753,1803,3,3,33
8754,3545,4,6,46
8755,8051,4,4,44
8756,3412,8,0,80
8757,1603,4,1,41
8758,5389,1,5,15
8759,4377,8,4,84
8760,3914,6,6,66
8761,6917,5,1,51
8762,2929,9,9,99
8763,9895,0,7,07
8764,8913,0,0,00
8765,6778,0,9,09
8766,2072,3,3,33
8767,6559,7,4,74
8768,3140,1,0,10
8769,796,6,2,62
8770,1649,4,4,44
8771,7440,6,0,60
8772,6450,0,8,08
8773,1969,4,6,46
8774,3315,5,0,50
8775,7212,4,2,42
8776,7861,1,7,17
8777,150,3,9,39
8778,5857,8,8,88
8779,4270,6,3,63
8780,3381,3,3,33
8781,7329,9,3,93
8782,3168,9,9,99
8783,4034,5,0,50
8784,171,9,7,97
8785,1141,3,7,37
8786,6723,7,4,74
8787,920,8,1,81
8788,6909,5,5,55
8789,2571,6,0,60
8790,7125,4,4,44
8791,1927,7,2,72
8792,3460,6,9,69
8793,9174,2,0,20
8794,5604,2,1,21
8795,3014,0,1,01
8796,1709,9,9,99
8797,1450,4,6,46
8798,2293,0,9,09
8799,5046,1,3,13
8800,7655,2,0,20
8801,4623,3,7,37
8802,4174,4,9,49
8803,1592,5,7,57
8804,8082,6,5,65
8805,4176,7,2,72
8806,2886,8,4,84
8807,4286,9,0,90
8808,7155,0,5,05
8809,7736,1,9,19
8810,4494,2,3,23
8811,7809,3,5,35
8812,6746,4,5,45
8813,185,5,9,59
8814,8196,6,6,66
8815,798,7,1,71
8816,4505,8,9,89
8817,3171,9,5,95
8818,3535,0,7,07
8819,3431,1,4,14
8820,3983,2,1,21
8821,6389,3,3,33
8822,275,4,4,44
8823,6018,5,8,58
8824,389,6,9,69
8825,5145,7,6,76
8826,1244,8,7,87
8827,8483,9,3,93
8828,3125,6,7,67
8829,892,4,2,42
8830,4427,2,2,22
8831,8043,6,7,67
8832,2246,4,8,48
8833,5712,7,6,76
8834,5666,5,1,51
8835,2836,5,4,54
8836,5810,4,6,46
8837,8325,7,0,70
8838,4245,2,9,29
8839,5044,9,1,91
8840,5608,3,5,35
8841,5767,9,2,92
8842,2186,3,2,32
8843,4952,8,6,86
8844,7488,2,4,24
8845,9546,0,7,07
8846,2892,9,9,99
8847,3638,5,1,51
8848,2834,6,8,68
8849,2448,0,9,09
8850,4694,1,6,16
8851,8513,0,0,00
8852,888,6,2,62
8853,7,5,9,59
8854,2382,3,8,38
8855,3860,5,5,55
8856,8882,3,9,39
8857,8661,8,8,88
8858,2559,0,5,05
8859,7049,0,0,00
8860,6049,3,8,38
8861,2130,4,4,44
8862,9095,1,0,10
8863,2933,5,6,56
8864,2178,3,0,30
8865,112,0,3,03
8866,964,8,1,81
8867,8677,3,6,36
8868,7141,0,7,07
8869,7752,6,5,65
8870,5285,2,5,25
8871,6411,7,9,79
8872,5404,8,9,89
8873,7199,1,9,19
8874,6444,7,0,70
8875,9353,1,4,14
8876,2171,3,1,31
8877,4993,8,7,87
8878,8047,5,2,52
8879,917,4,7,47
8880,9496,2,8,28
8881,6751,0,1,01
8882,8120,9,3,93
8883,5901,7,6,76
8884,8068,6,1,61
8885,1423,7,9,79
8886,1786,4,4,44
8887,3045,1,3,13
8888,803,6,4,64
8889,9992,2,9,29
8890,3233,6,4,64
8891,2959,7,2,72
8892,3367,1,2,12
8893,9277,9,5,95
8894,9141,8,7,87
8895,1793,0,9,09
8896,3026,6,1,61
8897,2625,9,2,92
8898,3905,4,8,48
8899,5178,9,4,94
8900,3847,9,0,90
8901,1810,6,5,65
8902,1134,2,3,23
8903,9727,3,3,33
8904,9350,7,4,74
8905,1271,1,0,10
8906,9625,9,4,94
8907,6416,2,9,29
8908,4890,2,8,28
8909,2972,5,0,50
8910,6660,3,4,34
8911,5993,7,0,70
8912,25,8,0,80
8913,5262,0,9,09
8914,5551,1,7,17
8915,9031,2,7,27
8916,4219,3,5,35
8917,1440,4,4,44
8918,1685,7,6,76
8919,2392,8,3,83
8920,2906,9,3,93
8921,3183,0,5,05
8922,6208,1,7,17
8923,7975,2,6,26
8924,1044,3,6,36
8925,3506,4,5,45
8926,1860,7,5,75
8927,8643,8,5,85
8928,9576,9,7,97
8929,7660,0,8,08
8930,1432,1,2,12
8931,5843,7,5,75
8932,2809,8,8,88
8933,6179,9,6,96
8934,5119,8,2,82
8935,8353,9,2,92
8936,7138,2,1,21
8937,4934,6,6,66
8938,7079,1,7,17
8939,9651,3,5,35
8940,7150,5,1,51
8941,8464,4,6,46
8942,7400,8,2,82
8943,4093,2,9,29
8944,6348,6,8,68
8945,2083,4,3,43
8946,753,3,3,33
8947,3365,4,6,46
8948,7265,5,8,58
8949,2128,9,3,93
8950,4074,2,1,21
8951,7005,0,1,01
8952,5209,3,8,38
8953,5356,9,3,93
8954,14,4,1,41
8955,9977,9,4,94
8956,4930,7,1,71
8957,6962,3,0,30
8958,6834,8,8,88
8959,3370,7,4,74
8960,9757,4,0,40
8961,534,4,6,46
8962,7360,9,9,99
8963,3702,8,5,85
8964,1061,5,0,50
8965,626,8,7,87
8966,4595,2,1,21
8967,596,6,8,68
8968,1608,6,3,63
8969,2455,2,0,20
8970,8930,3,1,31
8971,2008,1,3,13
8972,22,3,6,36
8973,8278,2,0,20
8974,1724,7,4,74
8975,6304,3,8,38
8976,391,1,8,18
8977,3908,9,6,96
8978,5567,0,0,00
8979,168,1,1,11
8980,7771,1,3,13
8981,410,3,7,37
8982,1483,5,1,51
8983,4242,0,3,03
8984,5470,7,0,70
8985,9048,8,2,82
8986,1352,1,2,12
8987,7485,5,0,50
8988,6868,1,1,11
8989,5855,4,8,48
8990,5800,6,9,69
8991,2287,0,1,01
8992,2951,0,5,05
8993,7549,4,6,46
8994,1282,9,9,99
8995,6417,1,4,14
8996,945,6,2,62
8997,1573,6,8,68
8998,5995,9,8,98
8999,9342,0,3,03
9000,3690,7,6,76
9001,8476,6,8,68
9002,5193,1,1,11
9003,2772,1,5,15
9004,2427,0,3,03
9005,1629,1,5,15
9006,3347,2,0,20
9007,2807,3,3,33
9008,2360,4,6,46
9009,3046,7,8,78
9010,148,2,0,20
9011,9935,3,7,37
9012,138,4,6,46
9013,8932,5,8,58
9014,3970,6,9,69
9015,8529,7,4,74
9016,282,0,7,07
9017,5602,1,9,19
9018,7181,2,8,28
9019,3264,7,1,71
9020,9456,8,2,82
9021,5082,6,4,64
9022,3303,3,7,37
9023,3295,9,5,95
9024,7698,7,5,75
9025,9307,1,8,18
9026,3896,9,3,93
9027,5248,3,3,33
9028,429,9,8,98
9029,9139,6,8,68
9030,8378,1,4,14
9031,6503,7,7,77
9032,7677,2,7,27
9033,6781,4,0,40
9034,2054,4,9,49
9035,5537,5,9,59
9036,9702,7,5,75
9037,2116,0,6,06
9038,3790,0,0,00
9039,2583,1,3,13
9040,5190,6,7,67
9041,7649,6,5,65
9042,2077,8,5,85
9043,408,2,3,23
9044,5154,7,7,77
9045,291,7,2,72
9046,2266,2,1,21
9047,8009,4,8,48
9048,1604,2,2,22
9049,9234,1,5,15
9050,9993,6,0,60
9051,5565,1,9,19
9052,9089,0,9,09
9053,2273,6,1,61
9054,1968,9,8,98
9055,9578,8,2,82
9056,708,3,4,34
9057,1707,9,1,91
9058,8298,6,9,69
9059,7115,3,2,32
9060,2547,0,7,07
9061,7190,1,0,10
9062,1712,2,0,20
9063,8226,3,3,33
9064,5228,4,6,46
9065,6783,5,1,51
9066,5195,6,4,64
9067,5070,7,9,79
9068,2761,8,0,80
9069,3462,9,5,95
9070,7320,0,7,07
9071,158,1,3,13
9072,3143,2,1,21
9073,865,3,3,33
9074,8764,4,0,40
9075,7974,5,5,55
9076,2785,6,3,63
9077,9064,7,4,74
9078,4865,8,7,87
9079,1314,9,4,94
9080,1656,0,2,02
9081,5462,1,8,18
9082,7592,2,9,29
9083,7216,3,0,30
9084,7909,4,2,42
9085,3117,5,5,55
9086,1272,6,5,65
9087,414,7,9,79
9088,5751,8,7,87
9089,6593,9,3,93
9090,5495,1,8,18
9091,9931,6,1,61
9092,415,8,7,87
9093,6421,9,3,93
9094,5830,9,0,90
9095,428,0,4,04
9096,4400,1,7,17
9097,3273,2,6,26
9098,722,4,4,44
9099,342,4,1,41
9100,2378,3,0,30
9101,2762,7,6,76
9102,843,4,4,44
9103,2745,4,3,43
9104,5849,4,2,42
9105,5540,0,7,07
9106,9213,3,8,38
9107,3625,8,1,81
9108,4619,7,6,76
9109,3465,5,4,54
9110,9396,8,0,80
9111,306,2,2,22
9112,5331,1,1,11
9113,5352,7,9,79
9114,5531,5,0,50
9115,605,3,7,37
9116,973,8,6,86
9117,1719,5,8,58
9118,1168,2,5,25
9119,9256,5,6,56
9120,6598,1,5,15
9121,2813,1,3,13
9122,961,6,8,68
9123,2714,2,0,20
9124,6469,1,2,12
9125,8928,3,9,39
9126,3528,8,3,83
9127,1570,6,0,60
9128,2563,4,7,47
9129,3160,2,9,29
9130,3875,6,4,64
9131,6265,2,4,24
9132,850,5,1,51
9133,3217,5,3,53
9134,3903,0,0,00
9135,7788,2,8,28
9136,8359,8,0,80
9137,3293,0,2,02
9138,3446,6,0,60
9139,2768,8,5,85
9140,5616,1,3,13
9141,685,7,8,78
9142,4483,9,4,94
9143,5162,1,7,17
9144,2823,9,7,97
9145,4984,2,1,21
9146,7434,6,4,64
9147,6064,7,2,72
9148,5629,6,2,62
9149,2,6,1,61
9150,801,8,3,83
9151,8096,7,6,76
9152,3792,4,4,44
9153,7309,9,8,98
9154,6696,2,4,24
9155,4465,1,4,14
9156,8807,3,9,39
9157,7590,3,3,33
9158,9598,0,6,06
9159,6644,5,1,51
9160,2889,5,4,54
9161,2985,8,3,83
9162,2194,0,6,06
9163,4063,3,6,36
9164,147,7,2,72
9165,827,9,4,94
9166,5057,7,6,76
9167,1119,0,7,07
9168,7897,2,6,26
9169,1617,7,3,73
9170,1420,9,6,96
9171,61,1,8,18
9172,1411,7,0,70
9173,4393,8,3,83
9174,8107,0,4,04
9175,4966,3,7,37
9176,1726,5,0,50
9177,9208,3,4,34
9178,8608,6,7,67
9179,664,0,8,08
9180,1590,1,0,10
9181,7814,2,8,28
9182,852,3,7,37
9183,6997,4,4,44
9184,7018,5,5,55
9185,1518,6,2,62
9186,5864,7,8,78
9187,10,8,0,80
9188,1972,9,0,90
9189,9927,0,4,04
9190,2635,1,2,12
9191,1596,2,9,29
9192,7959,3,6,36
9193,5102,4,5,45
9194,433,5,5,55
9195,1671,6,7,67
9196,8538,7,1,71
9197,2075,8,3,83
9198,8609,9,8,98
9199,3755,0,9,09
9200,7630,1,5,15
9201,791,2,5,25
9202,7633,3,8,38
9203,5876,4,8,48
9204,8885,7,7,77
9205,1581,8,7,87
9206,1930,9,2,92
9207,1873,6,9,69
9208,8292,4,2,42
9209,3109,2,7,27
9210,7246,6,9,69
9211,4558,4,4,44
9212,8735,7,8,78
9213,5620,8,7,87
9214,6791,9,7,97
9215,3591,2,5,25
9216,9465,9,5,95
9217,6097,3,0,30
9218,5079,9,0,90
9219,2157,3,2,32
9220,6442,0,8,08
9221,7308,0,2,02
9222,5390,1,2,12
9223,7439,0,7,07
9224,6582,4,4,44
9225,484,2,4,24
9226,4983,6,3,63
9227,751,3,5,35
9228,4125,5,6,56
9229,963,3,1,31
9230,2662,0,2,02
9231,2835,3,4,34
9232,125,4,9,49
9233,3351,1,1,11
9234,5967,5,8,58
9235,5421,3,6,36
9236,4642,0,0,00
9237,9038,8,0,80
9238,2146,3,8,38
9239,3441,0,7,07
9240,2946,6,1,61
9241,6634,1,1,11
9242,4491,7,1,71
9243,5441,8,6,86
9244,8345,0,2,02
9245,216,9,3,93
9246,2216,2,9,29
9247,1111,6,4,64
9248,3085,7,3,73
9249,9820,1,2,12
9250,4079,9,0,90
9251,151,6,9,69
9252,7564,9,2,92
9253,8256,4,6,46
9254,8631,9,7,97
9255,5478,9,8,98
9256,3321,6,5,65
9257,9929,7,7,77
9258,4373,1,4,14
9259,5171,2,6,26
9260,3568,5,4,54
9261,7818,3,4,34
9262,2100,7,5,75
9263,1493,8,5,85
9264,5860,0,3,03
9265,6965,1,5,15
9266,6513,2,2,22
9267,5203,4,1,41
9268,2815,5,1,51
9269,6749,6,6,66
9270,9529,7,6,76
9271,5821,8,5,85
9272,1790,9,2,92
9273,2977,0,2,02
9274,8313,1,7,17
9275,6974,3,4,34
9276,2728,4,6,46
9277,6239,5,1,51
9278,5773,6,7,67
9279,468,7,7,77
9280,3807,8,8,88
9281,3570,0,5,05
9282,9159,1,5,15
9283,6695,3,4,34
9284,924,4,2,42
9285,8384,7,8,78
9286,6504,8,3,83
9287,8412,9,5,95
9288,4538,7,1,71
9289,7904,5,6,56
9290,3536,5,0,50
9291,7067,1,5,15
9292,7347,9,9,99
9293,3467,9,9,99
9294,521,7,9,79
9295,7274,1,5,15
9296,6341,0,5,05
9297,2340,0,4,04
9298,5347,5,5,55
9299,9560,9,7,97
9300,9432,7,9,79
9301,5971,1,9,19
9302,1488,7,4,74
9303,2031,2,3,23
9304,7868,2,0,20
9305,8693,3,2,32
9306,3203,6,1,61
9307,5694,8,6,86
9308,8067,3,0,30
9309,1130,2,9,29
9310,4040,0,9,09
9311,1015,0,4,04
9312,9284,6,4,64
9313,4142,1,7,17
9314,9740,7,9,79
9315,7663,5,8,58
9316,4822,8,8,88
9317,6698,6,2,62
9318,1942,2,8,28
9319,9461,9,6,96
9320,5095,4,2,42
9321,3791,8,9,89
9322,9204,8,7,87
9323,5491,7,9,79
9324,8714,1,2,12
9325,8397,0,3,03
9326,2711,8,6,86
9327,6992,7,7,77
9328,2720,7,9,79
9329,2776,5,3,53
9330,4029,8,4,84
9331,918,5,1,51
9332,7470,3,3,33
9333,400,4,2,42
9334,1050,6,2,62
9335,4228,1,7,17
9336,5817,1,4,14
9337,6020,5,6,56
9338,8761,5,5,55
9339,1161,0,6,06
9340,9076,7,6,76
9341,9624,2,3,23
9342,9888,3,6,36
9343,1782,6,8,68
9344,637,4,3,43
9345,3928,1,5,15
9346,6886,2,5,25
9347,7825,4,7,47
9348,3941,1,4,14
9349,6382,5,3,53
9350,2882,4,4,44
9351,1433,2,8,28
9352,2632,0,3,03
9353,2336,4,4,44
9354,5633,8,5,85
9355,3623,6,5,65
9356,700,1,1,11
9357,2454,9,6,96
9358,496,0,9,09
9359,2217,2,0,20
9360,1610,5,0,50
9361,1917,6,5,65
9362,1754,9,7,97
9363,5011,3,8,38
9364,4764,6,1,61
9365,7041,3,7,37
9366,4997,6,2,62
9367,4851,0,6,06
9368,7643,1,5,15
9369,2389,2,8,28
9370,5685,3,0,30
9371,8778,4,8,48
9372,1883,5,7,57
9373,9775,6,6,66
9374,6296,7,8,78
9375,9105,8,0,80
9376,7327,9,2,92
9377,9501,0,3,03
9378,5591,1,6,16
9379,5927,2,4,24
9380,3887,3,8,38
9381,921,4,2,42
9382,527,5,8,58
9383,5023,6,4,64
9384,761,7,8,78
9385,1896,8,5,85
9386,943,9,6,96
9387,1013,0,9,09
9388,7221,1,0,10
9389,8919,2,8,28
9390,8796,3,9,39
9391,805,5,8,58
9392,6618,6,1,61
9393,7517,7,1,71
9394,5544,8,1,81
9395,9933,1,2,12
9396,9331,0,5,05
9397,789,9,4,94
9398,8684,5,3,53
9399,7476,7,3,73
9400,7756,5,9,59
9401,3288,1,4,14
9402,7656,8,3,83
9403,4638,6,3,63
9404,6085,9,3,93
9405,1850,0,8,08
9406,1463,4,3,43
9407,2437,1,2,12
9408,3841,9,4,94
9409,264,3,9,39
9410,7484,8,3,83
9411,8813,4,5,45
9412,1618,4,5,45
9413,2837,7,7,77
9414,221,0,2,02
9415,6682,1,9,19
9416,4036,9,1,91
9417,6611,2,5,25
9418,5770,8,6,86
9419,5092,7,1,71
9420,7076,8,4,84
9421,610,2,4,24
9422,235,5,9,59
9423,1796,9,0,90
9424,7919,6,8,68
9425,4756,0,8,08
9426,2456,6,9,69
9427,8018,5,6,56
9428,1931,5,5,55
9429,6370,3,3,33
9430,7257,3,3,33
9431,2980,3,6,36
9432,9061,9,1,91
9433,2074,8,4,84
9434,6063,1,1,11
9435,5110,1,7,17
9436,4862,0,0,00
9437,8375,6,7,67
9438,5425,1,7,17
9439,6206,0,5,05
9440,2575,0,3,03
9441,1096,6,7,67
9442,1597,2,9,29
9443,2000,1,6,16
9444,1814,1,7,17
9445,881,3,4,34
9446,8288,2,9,29
9447,8279,7,8,78
9448,2046,7,4,74
9449,4230,8,8,88
9450,4524,8,1,81
9451,6244,7,5,75
9452,8314,8,4,84
9453,2520,4,8,48
9454,2013,6,1,61
9455,6520,0,9,09
9456,7171,2,1,21
9457,3072,0,8,08
9458,7122,7,6,76
9459,9603,0,2,02
9460,2530,3,4,34
9461,884,6,0,60
9462,3241,8,9,89
9463,6613,7,6,76
9464,3498,1,7,17
9465,2871,5,3,53
9466,9680,9,3,93
9467,5274,9,4,94
9468,7673,3,5,35
9469,7793,7,5,75
9470,4088,2,9,29
9471,6687,4,4,44
9472,1217,9,9,99
9473,2997,4,1,41
9474,4331,3,1,31
9475,2779,6,0,60
9476,4922,2,8,28
9477,335,2,3,23
9478,2494,5,9,59
9479,5131,3,6,36
9480,8741,2,5,25
9481,5844,5,6,56
9482,5175,5,4,54
9483,7717,9,1,91
9484,6321,4,2,42
9485,28,1,0,10
9486,4703,7,3,73
9487,7403,2,5,25
9488,6250,0,0,00
9489,6744,1,2,12
9490,1913,2,3,23
9491,4671,3,8,38
9492,3813,4,8,48
9493,5838,5,0,50
9494,7248,6,3,63
9495,6867,7,4,74
9496,5003,8,8,88
9497,2924,9,3,93
9498,2023,0,0,00
9499,2234,1,7,17
9500,1118,2,8,28
9501,1795,3,2,32
9502,9633,4,0,40
9503,6951,5,4,54
9504,5489,6,8,68
9505,6029,7,6,76
9506,3209,8,6,86
9507,6489,9,0,90
9508,695,0,1,01
9509,885,1,6,16
9510,2222,2,3,23
9511,2900,3,4,34
9512,4778,4,1,41
9513,1351,5,1,51
9514,2377,6,7,67
9515,5064,7,7,77
9516,4415,8,2,82
9517,4603,9,1,91
9518,1009,1,0,10
9519,3978,0,6,06
9520,5557,1,2,12
9521,8763,2,0,20
9522,3483,7,9,79
9523,5981,5,5,55
9524,6002,3,6,36
9525,3473,4,8,48
9526,1317,4,3,43
9527,107,0,1,01
9528,8198,0,2,02
9529,5121,6,7,67
9530,5824,9,3,93
9531,1659,6,1,61
9532,6266,6,2,62
9533,5660,5,6,56
9534,7108,7,5,75
9535,2361,2,9,29
9536,240,3,5,35
9537,1413,4,4,44
9538,841,4,7,47
9539,104,9,9,99
9540,2227,1,9,19
9541,743,4,6,46
9542,1356,0,2,02
9543,7796,7,7,77
9544,1107,9,9,99
9545,3984,5,9,59
9546,8133,7,6,76
9547,3825,2,3,23
9548,5497,3,6,36
9549,5104,1,4,14
9550,2969,4,5,45
9551,4122,4,9,49
9552,9815,0,6,06
9553,7963,9,8,98
9554,2630,9,4,94
9555,1382,6,4,64
9556,4285,1,6,16
9557,1678,8,2,82
9558,3148,3,1,31
9559,7475,3,5,35
9560,7409,7,6,76
9561,1954,3,5,35
9562,5062,9,3,93
9563,1676,8,6,86
9564,1408,8,0,80
9565,5278,4,8,48
9566,7087,7,1,71
9567,5729,7,8,78
9568,7952,6,9,69
9569,1404,2,0,20
9570,1061,1,0,10
9571,8854,9,3,93
9572,2053,8,4,84
9573,7387,7,6,76
9574,9321,8,8,88
9575,6448,8,4,84
9576,46,7,1,71
9577,807,2,3,23
9578,2334,2,7,27
9579,1529,3,4,34
9580,113,9,9,99
9581,973,3,6,36
9582,7262,3,1,31
9583,627,5,9,59
9584,8224,5,5,55
9585,2738,0,6,06
9586,2143,7,7,77
9587,3746,9,3,93
9588,6856,5,7,57
9589,6958,6,8,68
9590,7410,5,0,50
9591,814,1,6,16
9592,9343,4,6,46
9593,5648,1,8,18
9594,4474,1,7,17
9595,269,2,0,20
9596,8530,8,8,88
9597,3694,2,2,22
9598,7197,6,7,67
9599,4927,1,1,11
9600,3255,5,1,51
9601,2552,0,8,08
9602,7220,1,8,18
9603,6750,2,0,20
9604,5532,3,7,37
9605,4213,4,9,49
9606,8289,5,1,51
9607,612,6,2,62
9608,9185,7,6,76
9609,2758,8,8,88
9610,5765,9,8,98
9611,6255,0,3,03
9612,3013,1,0,10
9613,9368,2,1,21
9614,3250,3,2,32
9615,3383,4,6,46
9616,2156,5,6,56
9617,9860,6,3,63
9618,8420,7,1,71
9619,6307,8,7,87
9620,6823,9,5,95
9621,5761,0,2,02
9622,3155,1,4,14
9623,3868,2,8,28
9624,3105,3,2,32
9625,5813,4,9,49
9626,3904,5,2,52
9627,7743,6,6,66
9628,927,7,3,73
9629,6878,8,2,82
9630,2646,8,7,87
9631,4007,0,7,07
9632,262,6,7,67
9633,957,0,3,03
9634,29,0,1,01
9635,6475,2,4,24
9636,4856,3,9,39
9637,5311,7,9,79
9638,6846,9,6,96
9639,4789,4,8,48
9640,4341,7,2,72
9641,2130,1,4,14
9642,2098,9,2,92
9643,9377,1,0,10
9644,8915,7,2,72
9645,2147,1,9,19
9646,6760,4,0,40
9647,4126,0,8,08
9648,858,0,2,02
9649,9700,1,2,12
9650,7380,7,9,79
9651,9980,5,2,52
9652,7363,7,0,70
9653,309,1,3,13
9654,3980,3,0,30
9655,7758,3,6,36
9656,7955,3,2,32
9657,8570,1,3,13
9658,8052,6,7,67
9659,7445,9,7,97
9660,3333,7,7,77
9661,5005,1,1,11
9662,4360,3,5,35
9663,8377,0,6,06
9664,4288,2,3,23
9665,9733,6,9,69
9666,6324,0,5,05
9667,7857,8,2,82
9668,5078,9,3,93
9669,2940,4,2,42
9670,4885,3,3,33
9671,6019,5,4,54
9672,4452,4,8,48
9673,777,8,1,81
9674,1020,1,3,13
9675,728,5,2,52
9676,2961,9,7,97
9677,5626,0,2,02
9678,2271,6,8,68
9679,1273,6,0,60
9680,1507,3,7,37
9681,9186,8,7,87
9682,7284,1,5,15
9683,8702,4,5,45
9684,6926,7,6,76
9685,4750,5,8,58
9686,9217,2,3,23
9687,1916,0,6,06
9688,1080,0,4,04
9689,4792,1,8,18
9690,3433,7,1,71
9691,99,8,9,89
9692,4340,9,5,95
9693,2210,6,6,66
9694,1971,8,6,86
9695,4521,8,2,82
9696,1439,2,9,29
9697,9418,3,8,38
9698,3842,6,9,69
9699,2936,1,4,14
9700,4791,2,4,24
9701,5547,9,8,98
9702,3386,5,1,51
9703,3336,2,5,25
9704,1851,0,9,09
9705,7873,1,0,10
9706,6934,2,7,27
9707,6708,3,7,37
9708,3801,4,6,46
9709,5947,5,5,55
9710,4960,6,8,68
9711,7763,7,3,73
9712,7317,8,0,80
9713,7995,9,3,93
9714,600,0,6,06
9715,3137,1,4,14
9716,6789,2,1,21
9717,173,3,3,33
9718,5365,4,7,47
9719,2280,5,3,53
9720,6927,6,0,60
9721,9814,7,5,75
9722,1770,8,7,87
9723,2082,9,2,92
9724,7384,0,9,09
9725,639,1,9,19
9726,1,2,2,22
9727,2296,3,2,32
9728,2344,4,7,47
9729,6607,5,2,52
9730,4390,6,8,68
9731,7539,7,2,72
9732,9840,8,3,83
9733,1987,9,0,90
9734,2309,7,8,78
9735,3702,4,5,45
9736,5391,6,6,66
9737,6799,1,1,11
9738,3794,4,8,48
9739,2168,0,8,08
9740,3352,9,7,97
9741,6118,9,2,92
9742,7731,3,4,34
9743,575,7,9,79
9744,6570,8,3,83
9745,4620,4,6,46
9746,5571,7,5,75
9747,985,5,2,52
9748,2091,8,7,87
9749,8618,5,8,58
9750,9280,3,8,38
9751,2447,2,4,24
9752,6081,2,9,29
9753,6328,0,0,00
9754,5708,5,3,53
9755,4426,8,9,89
9756,6792,6,6,66
9757,9517,0,9,09
9758,906,3,9,39
9759,5463,8,0,80
9760,3245,1,8,18
9761,3346,0,0,00
9762,3648,3,1,31
9763,652,0,1,01
9764,2907,4,4,44
9765,7312,7,3,73
9766,8410,4,8,48
9767,3435,9,2,92
9768,5979,2,4,24
9769,5783,9,1,91
9770,6800,5,2,52
9771,6661,7,1,71
9772,7863,1,9,19
9773,97,7,7,77
9774,52,1,5,15
9775,9786,6,5,65
9776,3425,6,7,67
9777,2564,5,7,57
9778,1283,6,7,67
9779,4696,2,5,25
9780,633,8,2,82
9781,9982,7,5,75
9782,5312,6,4,64
9783,5858,4,7,47
9784,44,9,3,93
9785,250,9,4,94
9786,1466,5,5,55
9787,904,3,0,30
9788,236,7,2,72
9789,7865,4,7,47
9790,2029,3,5,35
9791,8531,0,5,05
9792,5073,4,9,49
9793,2049,6,9,69
9794,875,6,2,62
9795,6740,1,9,19
9796,120,1,5,15
9797,4076,3,5,35
9798,2193,2,7,27
9799,941,1,7,17
9800,2247,0,5,05
9801,4555,0,9,09
9802,7373,1,1,11
9803,6737,2,4,24
9804,1097,3,1,31
9805,9261,4,3,43
9806,4954,7,2,72
9807,9503,8,5,85
9808,4463,9,5,95
9809,1543,0,7,07
9810,2438,1,9,19
9811,3407,2,3,23
9812,5052,3,1,31
9813,968,4,4,44
9814,8231,5,1,51
9815,7664,6,4,64
9816,2984,7,1,71
9817,8479,8,9,89
9818,9101,0,7,07
9819,8384,1,8,18
9820,9162,2,0,20
9821,8846,3,9,39
9822,72,4,2,42
9823,5520,7,1,71
9824,7222,8,3,83
9825,1263,9,4,94
9826,2080,0,3,03
9827,7282,8,3,83
9828,4615,3,2,32
9829,715,9,2,92
9830,4123,5,8,58
9831,8041,5,6,56
9832,1730,2,3,23
9833,7003,6,5,65
9834,4904,8,3,83
9835,7125,4,4,44
9836,6652,1,1,11
9837,9936,7,8,78
9838,8147,1,8,18
9839,4908,2,6,26
9840,3385,3,9,39
9841,8404,5,9,59
9842,981,6,0,60
9843,7161,9,0,90
9844,5381,1,2,12
9845,3207,1,2,12
9846,2637,1,9,19
9847,9659,2,9,29
9848,2087,1,0,10
9849,1332,2,6,26
9850,8945,0,4,04
9851,3212,7,2,72
9852,8406,7,4,74
9853,9681,5,8,58
9854,4413,8,6,86
9855,1585,2,2,22
9856,5067,9,3,93
9857,7586,8,8,88
9858,8943,6,2,62
9859,4773,7,7,77
9860,5428,3,0,30
9861,5117,4,6,46
9862,2754,6,6,66
9863,438,8,7,87
9864,6152,7,4,74
9865,7916,0,1,01
9866,9538,4,4,44
9867,7494,2,4,24
9868,6141,7,1,71
9869,2430,7,8,78
9870,9600,5,5,55
9871,584,4,1,41
9872,7737,3,0,30
9873,4835,4,9,49
9874,4085,2,1,21
9875,1188,8,0,80
9876,7774,1,8,18
9877,5442,5,1,51
9878,4022,1,6,16
9879,3044,0,0,00
9880,2030,2,5,25
9881,7903,3,7,37
9882,6685,3,6,36
9883,8749,5,7,57
9884,3800,7,6,76
9885,7196,0,6,06
9886,2183,6,4,64
9887,9460,8,3,83
9888,2908,6,9,69
9889,1368,3,1,31
9890,5375,9,9,99
9891,1145,9,4,94
9892,3599,8,2,82
9893,9137,2,0,20
9894,4646,7,1,71
9895,8005,7,1,71
9896,6526,1,0,10
9897,4712,0,5,05
9898,9151,1,7,17
9899,4188,7,0,70
9900,7886,8,2,82
9901,3050,9,1,91
9902,9743,0,7,07
9903,8249,1,8,18
9904,8393,2,3,23
9905,7725,3,1,31
9906,9949,4,6,46
9907,6876,5,3,53
9908,6704,6,3,63
9909,2541,7,1,71
9910,1438,8,0,80
9911,7545,0,8,08
9912,8294,1,8,18
9913,6423,2,2,22
9914,6115,3,1,31
9915,57,4,1,41
9916,4375,7,8,78
9917,2689,8,5,85
9918,5143,9,3,93
9919,8664,7,4,74
9920,7491,8,0,80
9921,7701,6,7,67
9922,8871,4,7,47
9923,3521,1,8,18
9924,4411,9,8,98
9925,1662,3,6,36
9926,4817,8,8,88
9927,4361,4,0,40
9928,6367,4,4,44
9929,8699,7,8,78
9930,1864,0,4,04
9931,3424,1,6,16
9932,949,9,1,91
9933,2751,2,6,26
9934,2797,8,5,85
9935,6835,7,0,70
9936,9975,8,3,83
9937,3717,2,3,23
9938,7098,6,7,67
9939,7437,0,5,05
9940,4903,6,1,61
9941,1700,5,0,50
9942,3008,3,9,39
9943,8904,3,7,37
9944,7080,3,8,38
9945,6009,9,3,93
9946,8205,1,4,14
9947,7352,4,5,45
9948,4548,0,5,05
9949,4749,6,5,65
9950,9073,1,3,13
9951,894,0,3,03
9952,8035,0,5,05
9953,9518,6,1,61
9954,6509,2,6,26
9955,8135,1,8,18
9956,9197,1,8,18
9957,8579,7,6,76
9958,5823,7,2,72
9959,2895,8,8,88
9960,7014,4,1,41
9961,5413,6,8,68
9962,1315,0,3,03
9963,4996,7,3,73
9964,6238,0,8,08
9965,2279,3,5,35
9966,523,6,1,61
9967,9675,8,5,85
9968,9483,7,9,79
9969,1343,1,9,19
9970,474,5,8,58
9971,9525,2,4,24
9972,8567,4,0,40
9973,9094,9,9,99
9974,3028,4,5,45
9975,9487,3,2,32
9976,6841,6,0,60
9977,516,4,2,42
9978,5560,1,7,17
9979,4381,7,5,75
9980,1121,2,0,20
9981,1575,6,4,64
9982,1380,5,9,59
9983,4816,0,2,02
9984,3256,1,2,12
9985,3123,2,4,24
9986,8690,3,9,39
9987,5713,4,4,44
9988,9067,5,7,57
9989,6959,6,0,60
9990,2006,7,6,76
9991,8720,8,1,81
9992,4372,9,8,98
9993,2981,0,2,02
9994,9511,1,3,13
9995,809,2,1,21
9996,1132,3,2,32
9997,8074,4,7,47
9998,8309,5,4,54
9999,1172,6,3,63
